lfemur_x,lfemur_y,lfemur_z,lfoot_x,lfoot_y,lfoot_z,rfemur_x,rfemur_y,rfemur_z,rfoot_x,rfoot_y,rfoot_z
1.7599003428392201,8.94932943013969,-19.940435690626266,1.1144182998286774,0.2350642216412111,-20.099531960366612,-0.6035411896048501,9.361353018839434,-18.18997876396004,-0.2331318408701087,1.853868772489129,-22.961965689654868
1.7665493159649386,8.917700855914433,-19.847542836604838,1.1850668439778949,0.6448190087694947,-19.869869651936433,-0.6043843308461143,9.396004864110571,-17.897161245987782,-0.2320501113285499,1.7793697368429524,-22.40617767029672
1.7679671302742874,8.89938341872986,-19.755734833337517,1.195967701057692,0.6172614888809499,-19.836079284351925,-0.6012669837855071,9.442410191096236,-17.62719705277781,-0.24105472282974594,1.7066188793240038,-21.84920672724224
1.7630710297547563,8.88489245765051,-19.670931304955097,1.1957880998297195,0.6189095434792181,-19.83581121566638,-0.5984677660336455,9.497582784637963,-17.365106022457624,-0.2545761544884408,1.6446156583293396,-21.29742076705247
1.76642783191453,8.85736841647412,-19.598838788497446,1.2104295927967093,0.651671397629807,-19.832401596843198,-0.5950798343953267,9.53790218198877,-17.108252086565837,-0.26928016868647675,1.5625132475244679,-20.73461257831193
1.7709975419743225,8.828049635153612,-19.517155007386577,1.215747102848765,0.6176029928802237,-19.820002572007905,-0.5905685410024126,9.568845955149595,-16.858649422723136,-0.29253892093457234,1.4793079110531109,-20.161568255662715
1.7790022761390363,8.804920748212506,-19.441020705900517,1.2076495644656515,0.6209214336688157,-19.798023816777736,-0.5793646300666975,9.595503969728394,-16.616016857935147,-0.30552223936504574,1.3975073366731159,-19.591509010200458
1.7821772358977954,8.788361939082193,-19.363335303267718,1.198252785474165,0.6334906135906682,-19.78713401485257,-0.5772182313070043,9.629272723272816,-16.384811238809824,-0.32019723512694587,1.3310032965716005,-19.01460873337475
1.785473953332918,8.774592773655861,-19.290136252173088,1.2039025824231773,0.6345621458564914,-19.78445666734551,-0.5752857744958886,9.656717807743746,-16.160149289401293,-0.35659052834934796,1.2780338973399357,-18.427901979360545
1.7971603227342743,8.752027344737652,-19.22345781300298,1.2125949805541596,0.6351532150107508,-19.781621361485094,-0.5681680106536012,9.662469479548482,-15.939734538392603,-0.4018901687778911,1.2169193763165713,-17.842719184446793
1.8103308040820092,8.736381999379848,-19.195783901142818,1.2143053124864502,0.6276213402008337,-19.780054061170997,-0.5617180142072908,9.664326754574322,-15.74156497463419,-0.43008066269959094,1.1623660853319917,-17.264635419615832
1.8062522245619639,8.722081007707185,-19.144683633513463,1.2146949630969772,0.6218771223136024,-19.779830527116726,-0.5578428492597329,9.68671552293291,-15.558358701725938,-0.46216186932726544,1.1281573554859097,-16.694211608051127
1.806353121452018,8.789312674815061,-19.0996922377769,1.2212267691300802,0.7006719855154474,-19.78813266401209,-0.5526942555934736,9.83723807626655,-15.29524365852418,-0.5208490964834172,1.176109785375064,-15.937549636091546
1.8046586661112078,8.716771648299794,-19.04321168771068,1.2168039701763615,0.6445591942384047,-19.77911168899955,-0.5495917193813087,9.742773617952103,-15.186591728880053,-0.587968947377048,1.0721235888978147,-15.520305368453243
1.8099804774232169,8.690244601557174,-19.001170707797037,1.2142434408237575,0.6292497909824687,-19.770995101134996,-0.5449630508527499,9.703349084684113,-15.04938900915458,-0.6449890939660847,1.0342938130271224,-15.039695566057553
1.817458211134959,8.694152540992853,-18.934633876182613,1.2165011310013105,0.6465937469520302,-19.765510807693577,-0.5366895835025086,9.692665005423535,-14.888719617356035,-0.7072149794627678,1.0401929872767823,-14.518309370564742
1.821940175163021,8.696156803661621,-18.905990408688034,1.219495154353222,0.6596061061193493,-19.757031226551096,-0.5266866168703637,9.683600402291454,-14.732043424331764,-0.76133570730555,1.0462144049897966,-13.982883862803899
1.8204620628913102,8.701094302641486,-18.889490250624963,1.21774391055895,0.6573784283324257,-19.74757535619681,-0.5156790782727207,9.675124457562482,-14.582375307537399,-0.8096138574615404,1.0557837920046786,-13.442213946517192
1.8212257803113512,8.70673660091365,-18.863254110191363,1.2098538191814672,0.6623570240340076,-19.734283601833646,-0.5127147642565714,9.667327557951257,-14.439636594948752,-0.8571500664565783,1.084124016087095,-12.907291882514427
1.8320040892487897,8.709034015463597,-18.829976541678572,1.2081348146959532,0.6745755234417375,-19.72439718536795,-0.5111920648435877,9.627301714789093,-14.29858472576608,-0.8885715680586901,1.1030857835205485,-12.378836560386755
1.8339362459297541,8.699670961587728,-18.78521248024167,1.2044371356639092,0.6690996126742703,-19.723296027533806,-0.5135109474214798,9.56909125178968,-14.167159493836042,-0.8989903142183819,1.1226368658628971,-11.875266237025434
1.8217229437620603,8.687612806265033,-18.729922555924283,1.1975830280965387,0.6600469886867749,-19.722991628306353,-0.5301130055684443,9.525723600258537,-14.041146120676789,-0.9082019927344835,1.1880865428423717,-11.382980204797171
1.8141638141040368,8.689597399292701,-18.662909365669915,1.1933788607493936,0.6690871289140586,-19.712496657276674,-0.5452168674031428,9.482390719178909,-13.918640766440916,-0.9112491063434058,1.2833800465508978,-10.900854113523687
1.8107089761871116,8.687195650409436,-18.598455327190692,1.1934587534024828,0.6764620399873404,-19.709146656461513,-0.5679959681732649,9.4391524701104,-13.796279462080795,-0.9024391559502383,1.3978882235379648,-10.44388034954402
1.8032204482733931,8.675710245768974,-18.53699072755993,1.1951883878696465,0.6762458378489197,-19.709044209491786,-0.5908057177689117,9.397002504792383,-13.67609216663369,-0.8740632514941489,1.523905114680678,-10.013837246880204
1.8022515584768304,8.676178421859703,-18.470938730551374,1.1965164287548988,0.6812202248525796,-19.700812394104275,-0.5945755719822807,9.338711930344738,-13.567819867259654,-0.8114275312699247,1.5957361721304348,-9.620538974851543
1.8033653316415335,8.685665085396565,-18.401724345114918,1.2000780466880137,0.7000678267271451,-19.70049231152388,-0.6024442069406322,9.284868048009695,-13.465196530834485,-0.7781408079368781,1.6928126954168488,-9.274381034139541
1.797648370777314,8.693819038740346,-18.32271867126166,1.199983229987973,0.7158558007193487,-19.692264068997833,-0.6258719509322538,9.245584356839268,-13.362218598558039,-0.7326197397492253,1.7939393789067275,-8.974751223541867
1.7963153479583163,8.699182982926143,-18.235537756872798,1.1991510664600156,0.7279154629661646,-19.67956800643265,-0.6478159308730977,9.205929818230441,-13.246936245622262,-0.6816096520133791,1.8605717420664802,-8.717017801433073
1.7959451063784924,8.698719567724911,-18.125055111414852,1.200334746974937,0.7367409949411339,-19.66486247412055,-0.6691001098807758,9.160617962734854,-13.115013174702133,-0.6433392449801423,1.8825625602095497,-8.498482371345737
1.7789823660416157,8.685908624173567,-17.997870263399857,1.1983333498887048,0.7400291780915323,-19.649890374165608,-0.6987697655110343,9.13788826584014,-12.962751836443628,-0.63789937599212,1.8626338775032338,-8.3260560701133
1.761063947174398,8.673032323096841,-17.858794255064797,1.1953064448609312,0.7435369340534431,-19.62884779348183,-0.7177542685556821,9.142322497596552,-12.774368580287312,-0.6457207814705569,1.7956587194232279,-8.190607251777813
1.7535381851661598,8.66711742311091,-17.710070807094393,1.202186554973052,0.7650209636399901,-19.61687558897056,-0.7175766925366156,9.143432188306498,-12.560027821284457,-0.6416318231792432,1.7105990532716508,-8.095880581681914
1.7534938591432376,8.667816099799321,-17.557458306493604,1.2134926161095585,0.7984187132117386,-19.610674800423595,-0.707288333792856,9.141585958491795,-12.330564953412418,-0.6182720866329571,1.630296000594649,-8.035139156509462
1.743399561967037,8.661413482464653,-17.406438864888152,1.218847116936171,0.8187531179166097,-19.607892707040634,-0.7030220979629613,9.14739905531141,-12.10218101132907,-0.5874726991904212,1.5236601363457933,-7.989608040675829
1.7324490935116943,8.667196818675944,-17.25607290119004,1.217312341088484,0.8453833918454399,-19.608828168652007,-0.7018030577085423,9.147451036034987,-11.885276068163865,-0.5651194540713409,1.3966285100993203,-7.961864865849423
1.7180426796495682,8.681737515674325,-17.080801768698635,1.2137912316554067,0.8751601151971806,-19.582331999357237,-0.7026158777121441,9.156696563929987,-11.681646314285805,-0.5452367213906001,1.2911460730937516,-7.9413138152519
1.7030325372013762,8.699086965839875,-16.888678106684573,1.1996363874928733,0.9079213313715147,-19.535435865834692,-0.7123587357397,9.183495094826917,-11.471200385792297,-0.5406919416252013,1.1962148381976492,-7.882339763780319
1.6840531211755114,8.705001877664117,-16.685991392097737,1.1693772108159814,0.9374600929541341,-19.492209356901743,-0.7324405010247549,9.221456209478845,-11.25886914212368,-0.5485831430710145,1.1293362681451944,-7.797608967955153
1.6600501777321428,8.708371930227562,-16.458220938651937,1.1546138185627342,0.9670419275055355,-19.4603177231089,-0.7455435676820847,9.252250408588711,-11.048325189484109,-0.5544333957796072,1.0789680365719694,-7.72088673241001
1.6366658846338633,8.710745871456389,-16.213749138921628,1.1732247033949066,1.0065008868450673,-19.435931713652714,-0.758319982527877,9.270941148379219,-10.851866891458897,-0.5473965681034122,1.0416442869608387,-7.6589633195682785
1.6160061784771382,8.69838148204768,-15.9538159598405,1.1409940522658222,1.0434105290605173,-19.407699532663102,-0.7818471922905758,9.275194020476004,-10.672286918119292,-0.5381941447777875,0.9789315732006918,-7.607724111636683
1.593072784641067,8.674619705184025,-15.660991488987515,1.137003685833411,1.064222827326331,-19.348189481402176,-0.8139472327477234,9.27311132649315,-10.502753597446963,-0.5390871237176882,0.8930057230138828,-7.568733130973264
1.5682098136166356,8.65642114702261,-15.34586376413064,1.089484917260798,1.0800338847234237,-19.300028903260067,-0.8480466122875505,9.29642727689053,-10.335673032609533,-0.5370524520458952,0.8491674790168435,-7.543380836041393
1.5498731556180816,8.652838134880188,-15.019366118934872,1.0844774286127348,1.118155969939385,-19.222097482231298,-0.8721785516390257,9.316811825615492,-10.16516403296791,-0.5232779812360815,0.8249637262678694,-7.523074268946786
1.5440650165774357,8.647327337821771,-14.696596428659273,1.0413672459890342,1.154276788661945,-19.164631359549425,-0.88802653169577,9.315823261035046,-9.99343780500261,-0.49993900520962586,0.793905191514264,-7.498928016613457
1.5420348309787784,8.6419329090428,-14.360140611795334,1.020923207168674,1.1987736250215204,-19.07235414000383,-0.8972905007271718,9.308863920322146,-9.822713937512212,-0.46956849622141916,0.7552156213664797,-7.478558677257839
1.5400248119805666,8.650171846296384,-14.012478779331232,0.9691472055948758,1.2655029600653567,-18.98948611258423,-0.905048386615172,9.311299442717822,-9.660628510299361,-0.44738324415333347,0.7297425110685605,-7.464573809185311
1.525829777777884,8.641889085729492,-13.648174452233162,0.9571847798696861,1.3364048009187286,-18.82977681215621,-0.917787579718444,9.322795179062295,-9.518282545805066,-0.4217155665590151,0.7187040633095148,-7.4512175827909894
1.5106540383153793,8.644494874148968,-13.27649910513396,0.9420564917731107,1.4083790318518044,-18.668293205980373,-0.9275099709546625,9.342586040060304,-9.413505816610217,-0.40468138876975945,0.7223626569781115,-7.453052893382328
1.5012009889581477,8.638183138564848,-12.909005470604779,0.9167685751457566,1.49413574918339,-18.535447763824976,-0.9341888921776048,9.328892057489497,-9.306039053753832,-0.38478659199012477,0.6985587803278913,-7.446553954265906
1.4902216257557281,8.648496803540935,-12.540242598066943,0.9326273079806302,1.5955113465187094,-18.330621933694204,-0.9379125606419275,9.331988473379063,-9.207417406595882,-0.37102664355084064,0.6931317806760299,-7.452622799013496
1.478074071278463,8.65393969812927,-12.161365713032868,0.9375721537703683,1.6804324928805867,-18.090846378510683,-0.9462203832749874,9.331649436076194,-9.107530430333124,-0.35856490476026026,0.6794424086075985,-7.446797394222855
1.4692014272527754,8.65815051630957,-11.793820502213745,0.934770451790286,1.7575445783822055,-17.83689798242522,-0.9601606351308097,9.324767071106148,-9.018657699667774,-0.3494867111941422,0.6620642879539705,-7.4400487483520195
1.462795491786459,8.680659974539651,-11.44469490581894,0.923745273666336,1.843805759452179,-17.58775763125879,-0.9692469709397303,9.317041068943293,-8.936603898234075,-0.33993523546388804,0.6531377417954317,-7.440282030545382
1.4562490993374275,8.726658491233032,-11.095073346640374,0.9482599338991052,1.9427905070218463,-17.191660314047247,-0.978735535214761,9.324025194262367,-8.85276307710869,-0.3230926021236729,0.6346976392110254,-7.455741067528753
1.451365847688901,8.769814584209945,-10.722210636737199,0.9756258247391538,1.99362494431182,-16.80584007435628,-0.9908354103271264,9.32679423928004,-8.76942166169244,-0.3195580032520874,0.6292890818331193,-7.458145758534847
1.447617801231249,8.787607389905585,-10.391617689080737,0.9848819324704047,2.058810712310182,-16.417855676302462,-1.0006401251404986,9.306208452348868,-8.681373402559139,-0.3174245238476576,0.6162746087912438,-7.44070868848032
1.4431402562619504,8.829735770132043,-10.043730770004682,0.9949563274051827,2.0986237742842855,-16.01683053580025,-1.002929735881433,9.29186913832977,-8.59368737302383,-0.31339122623352295,0.6190165197404699,-7.433220621703454
1.445210050986127,8.874051399539312,-9.71154290572396,0.9979208640499233,2.141797031219934,-15.625945713608221,-1.0070326495243922,9.286062900964803,-8.496201826162125,-0.3119774623178363,0.6300671425148704,-7.422711202792193
1.4424668006082157,8.907849069501069,-9.401880426809097,0.9926791107814661,2.183613636586038,-15.255232590377805,-1.0124791138184284,9.271662673330745,-8.406430798716947,-0.31140493047204854,0.623500137970854,-7.417923430372364
1.4404118270947157,8.943156598200844,-9.083936400900255,0.9922768653654098,2.1985026904520533,-14.831311941016322,-1.0196001641555135,9.25988007482022,-8.325078743998729,-0.30818879798951615,0.6141643644085397,-7.422814944179885
1.43691469353861,8.991835478407499,-8.75563339367635,0.9883859445492917,2.18794521972505,-14.387552402976974,-1.0252452938614351,9.24997049040476,-8.248790178518405,-0.3052886596935591,0.6089949645383983,-7.425446053297316
1.4294883187368495,9.04799789440562,-8.433031804770323,1.0210036378379985,2.1769341959206243,-13.898305489968033,-1.031152684740222,9.231615198669115,-8.180351421071164,-0.305144072398336,0.6018184139815788,-7.442233945106601
1.4134913461838936,9.120056523365502,-8.105226338562954,1.0164179068651382,2.140364805783304,-13.446047702190164,-1.045465614391233,9.238710107691032,-8.11189428762086,-0.3081667803527883,0.6183297113393093,-7.465250043005509
1.4047244838530906,9.15790914314714,-7.833005437082372,1.016355798632009,2.1350737154710484,-13.041783457062806,-1.058354209300355,9.236329802513229,-8.019190782944921,-0.3071870273522864,0.6218029051891073,-7.445004934228679
1.4019384339885754,9.186785569282193,-7.520223319103545,1.026800588415115,2.0851942402448684,-12.55897076982415,-1.0554306429392162,9.202771964977632,-7.918956487674093,-0.3024862489016487,0.6007318686856289,-7.423460368784307
1.401260372213276,9.236761727654782,-7.192330742596196,1.047333139271318,2.030197600920987,-11.99960066878818,-1.0436229722322434,9.1810114996495,-7.822649250828719,-0.2980152638801884,0.6028308400278004,-7.4230594417289275
1.3792027050192468,9.270779638831225,-6.9252834145453885,1.0678743132485358,2.036824053233424,-11.50989907448246,-1.0633010975280235,9.167171514988649,-7.731497977355884,-0.303610515537458,0.6176106483928453,-7.411127443577449
1.3631484036295503,9.302294449142902,-6.64383393268845,1.0782361664734588,1.9523331788841236,-11.06229105184563,-1.0804577090530134,9.146605485839165,-7.63586246165807,-0.31057778768763955,0.6258133275689467,-7.393586902670387
1.3513759582565201,9.340000955215938,-6.349899526425153,1.0883907722550443,1.8983330947450943,-10.500392184422791,-1.0893168425386222,9.113590796098643,-7.5383374615145495,-0.310818611333519,0.6110170620400888,-7.377448051075567
1.331342126371427,9.377045168568705,-6.065499026518582,1.1109474567832227,1.8142483658982789,-10.007466119331859,-1.1016054844943612,9.095923697898668,-7.460307596376477,-0.3231400008703941,0.6079132583498452,-7.384460983518835
1.3150443412070867,9.412490625009525,-5.791774762557553,1.1368282629210271,1.7470011995807049,-9.511199017962204,-1.111469716616615,9.08740879419652,-7.384240885201709,-0.3427647071331059,0.6212907968886753,-7.395923290022665
1.3033173305455215,9.455395876595249,-5.528432473654076,1.156801935625741,1.6858221620544074,-8.9913022898311,-1.1099776037751674,9.063430035781629,-7.3017487276748705,-0.3440624321046317,0.6241664851203915,-7.398546524867664
1.2969945480485552,9.473578789404735,-5.305856702934738,1.1828391829996892,1.6377421942728163,-8.544536277553886,-1.1104179357959003,9.03250181061637,-7.218628738262943,-0.34113870910628363,0.6285422813935277,-7.386747401747278
1.2794924233363392,9.494643195850447,-5.066510640953014,1.198687727890934,1.5784474568924043,-8.048333518149887,-1.122558163650992,9.009370528155031,-7.13281835751431,-0.35140374993117596,0.645820008836436,-7.370567377924799
1.2570583019338446,9.517611293062046,-4.829275965801765,1.2091381760421307,1.5155479264069975,-7.530551415020911,-1.1404075066911736,8.992590843368534,-7.048191622836821,-0.3479410912045707,0.6434921697334774,-7.360512857057405
1.2423492506941964,9.536662382512855,-4.6056967729783995,1.2220176707892791,1.4450193626422896,-7.001018627286331,-1.1430393915168175,8.96325325678885,-6.966036723385852,-0.34081948158264264,0.6211704513470225,-7.348924865336501
1.2297902324012748,9.558274862827375,-4.391694963613887,1.2386331679506228,1.3741269524112878,-6.445642359672378,-1.1474075112749156,8.944566428343668,-6.893618497491296,-0.3433858549358116,0.6244867870455449,-7.34784024999326
1.2098941217847488,9.567872929322746,-4.176227355774904,1.262185199925247,1.2954709448740762,-5.865641367793036,-1.1527435897723999,8.92567509567763,-6.82133517498284,-0.3481394615632394,0.625459863073617,-7.34831791601553
1.1863471944231048,9.563725557113038,-3.994642778194959,1.2799598368624356,1.2289554462563046,-5.3327270063594305,-1.1676192197081072,8.904261206095926,-6.756198059191044,-0.35201878819177573,0.6212471362550355,-7.339635754918767
1.168026229815049,9.553796189785862,-3.832883507282207,1.2906050006784728,1.1914538207548246,-4.830321789364455,-1.1776132676438809,8.872603463325683,-6.698591943207544,-0.3537876144871598,0.6087023225878796,-7.328992355609111
1.1520810256198974,9.558098762217622,-3.6545679446904633,1.3126405176999558,1.1657016427150917,-4.305680821322861,-1.1818267508832287,8.861830073180776,-6.6496277066353855,-0.3530685116013218,0.6056011960412815,-7.319108967735559
1.135176734895154,9.578687549010182,-3.471317079655728,1.3204182954744046,1.1787278448236962,-3.7715323218266175,-1.1890733356465344,8.868586192741628,-6.610869049548835,-0.3575294590453925,0.6144661344482151,-7.317940984305452
1.115434905775569,9.592462351775797,-3.298581952279867,1.318245705145578,1.195139731421114,-3.255615162422379,-1.1976292303483058,8.866116825990858,-6.578754414062944,-0.3599231151783735,0.617156336559914,-7.314978661343158
1.097952481081071,9.591330234690428,-3.1512345711435095,1.3131955801289619,1.2091128442106012,-2.7540885988495027,-1.2002852993671307,8.856577983278795,-6.543775447891208,-0.3599850676157447,0.6194390781702432,-7.309838710191014
1.0875876637131157,9.577858892540913,-3.016504351562634,1.304999584224384,1.2257971053201548,-2.24191010859068,-1.1998151844021903,8.845607287673332,-6.497884912701868,-0.36276111997286653,0.6208063625963128,-7.3059452522731325
1.0711698881996046,9.55572520564834,-2.8679133655872713,1.2938830197892068,1.2417409775856596,-1.6816701995481718,-1.2021844286897472,8.82678762891328,-6.44630333155823,-0.36399914008215634,0.6147026179324098,-7.30511464205413
1.0551744151822586,9.529332536422288,-2.72892820945389,1.2775722432969505,1.2696832740473305,-1.1155169329781494,-1.1978070931817246,8.806326563576079,-6.381002974271492,-0.362351312795812,0.61208404543062,-7.2970460480450905
1.040551187587845,9.482392299843164,-2.601617819443217,1.2490196253541404,1.3043541480270013,-0.5579194936943463,-1.2004072870606424,8.79033563154747,-6.3017013164468825,-0.36271023360278976,0.6185652738730671,-7.27752087416543
1.0265649765589766,9.432414798050857,-2.4597655701473915,1.2189347786097935,1.3620876365982524,-0.0049561799692048325,-1.2072451476484538,8.761703305501676,-6.231149548947074,-0.36170697730182166,0.6073511412518624,-7.256475955188728
1.0058507471382652,9.379271705027765,-2.3137500692989694,1.1929109365870114,1.4315366959611904,0.523352034135256,-1.2157402645059268,8.730966975206197,-6.179835141799784,-0.36047678306663467,0.586759151633336,-7.250396619836712
0.9911535834389192,9.358413878817478,-2.2082067328016732,1.1651868842631559,1.535493288470115,0.9411849741603802,-1.2246510258043908,8.74375196811531,-6.135661816456045,-0.36046327592759697,0.6134242352036997,-7.244071500242499
0.9831797066150806,9.34062207322514,-2.0926893464798515,1.1471575002674406,1.644019931482398,1.3400797471475732,-1.232326535001889,8.751398809823542,-6.084547185980303,-0.35026617078381506,0.641681907212414,-7.232447914740412
0.9727640750737914,9.30280353930032,-1.9678475896057877,1.1368670197809339,1.7478784138101975,1.7316704564588443,-1.2333066512595492,8.744005941392352,-6.0427410287906245,-0.34084100697224773,0.6516298982244226,-7.21793441890811
0.9565547332350518,9.225069945195987,-1.8434257790571524,1.1267780454787768,1.820740734270715,2.127599657672171,-1.2262807233120039,8.719584956342835,-5.983420494207659,-0.33832016770534873,0.6394007378823108,-7.203932239239132
0.9617233906790912,9.181490172792616,-1.7223822940831588,1.1123390478683226,1.9023701212635928,2.4865919440360122,-1.2356710183898332,8.708876851688167,-5.9038988886385,-0.3408808918021356,0.6429244439583535,-7.191003651107856
0.978343700916956,9.142896824030426,-1.6147280432596962,1.0993006603239355,1.9558779511950362,2.777988503839418,-1.2320680770290986,8.691689763879396,-5.816879569133431,-0.3366433156659241,0.6462189242179238,-7.1812675297894994
1.0026922581288211,9.09266635525989,-1.531770335519575,1.0667612463808767,1.9788096127301351,3.0036130644824257,-1.2208381817841993,8.679650931110837,-5.728356274501209,-0.33603686480431916,0.6542731597873754,-7.1741626121717434
1.024521833575549,9.051807598866223,-1.3996771794660643,1.0671728924982016,1.975980042348852,3.221201343550559,-1.2120460722464943,8.670288042194784,-5.629824860229867,-0.33586731240893614,0.6676986781336816,-7.168027782230391
1.0326671530875537,9.034785323083884,-1.2174224573891008,1.0628396559988769,1.9452871469926567,3.412121665843117,-1.1950694580353232,8.648526245171638,-5.517041368137134,-0.3345154135332818,0.6673551621232494,-7.157234843325325
1.0243691364304996,9.037387701072674,-0.9837688474762669,1.0539370661442462,1.8796983558538742,3.5710770164601096,-1.175220086452129,8.6229481317039,-5.40135671194926,-0.330228943562743,0.6663097259872903,-7.154398586247213
1.0171795521933098,9.06010877831772,-0.7271179970750659,1.041802499004932,1.8238095908720175,3.687400931261242,-1.162210623595713,8.60742326657262,-5.299807808029818,-0.329506981950913,0.6734372927672059,-7.183787390572276
1.0080731488058188,9.081126854311279,-0.48317393393530317,1.0078527843811873,1.7754855651790948,3.749502447197381,-1.1562189752709795,8.603749877655265,-5.184530692404047,-0.3329262616815534,0.6878874466461988,-7.191055335685421
0.9993421816637862,9.089224429177555,-0.23920497819836317,0.9596339197287694,1.7070041359925339,3.816954365057815,-1.1549444870560142,8.61061320035348,-5.045415924839157,-0.3297956143362461,0.7169143879373128,-7.161830228376182
0.9981129844774721,9.092039593374036,-0.0043162258020754685,0.8993643666174848,1.6369685177536575,3.892261971458155,-1.1484832725473262,8.605305288688072,-4.912040472801724,-0.32218366859738773,0.7351256463811968,-7.147626859831572
0.99863877538789,9.095975600900164,0.2094415258800546,0.8254807590047252,1.5774246298784496,3.954234576358152,-1.1355572351213656,8.598040484496465,-4.77418627826072,-0.3136104910187969,0.7434239855247142,-7.138171595271943
0.9988630842558779,9.103436265325879,0.4113426169882559,0.7450268277063975,1.5028762850623396,3.999461943812906,-1.12387460386894,8.604437579952403,-4.60613450932712,-0.3105276354740453,0.7659436330716818,-7.111297393909454
0.9978048451476071,9.115089941594047,0.6280863601857725,0.6678348235622339,1.3988732415677592,4.0600555440788035,-1.119494679345379,8.616603220864501,-4.422863637357169,-0.3138525357054749,0.7959454389527738,-7.086737485127247
0.9968363453401483,9.13230317166408,0.8486659581432954,0.6034428003791934,1.3006172710759902,4.143734936234753,-1.115006849632905,8.616901369338231,-4.240845111499394,-0.32447740144241116,0.8181088943628025,-7.076290144929982
0.9994061927986021,9.143980336780643,1.0556042791485631,0.5609105125538172,1.2393706996036797,4.23163445284298,-1.1089599207368843,8.609542029078522,-4.044308672768005,-0.3351892625003824,0.8361688282472048,-7.06040647190696
1.0222021602146105,9.180811716883591,1.236913026601028,0.5477408288043657,1.221776441411736,4.290681310358983,-1.1040264837596188,8.61603516513096,-3.817064136595224,-0.33188738703150633,0.8730966753877731,-7.030553281704186
1.0642329416433796,9.219443059831075,1.389811992599498,0.5405602287920304,1.1846150799582817,4.300773331371156,-1.0970365395252148,8.620662391125618,-3.5700766136769384,-0.3158985376411711,0.9095827768853175,-7.009815483085612
1.0921716155668277,9.229671897653956,1.527645789636404,0.5348623865559574,1.110787219409765,4.304057035382998,-1.0970544246931255,8.634392834080561,-3.3136441718380754,-0.31454033697391093,0.9472323415386164,-6.981871845731164
1.1137317386453542,9.223739666690479,1.6814574985723834,0.5466122582431046,1.0438245494463791,4.3477957829828195,-1.1015494499688334,8.637238296386073,-3.0434829581351477,-0.32785483490538114,0.9691265875247366,-6.941770925836105
1.1439677003185538,9.22741396294188,1.8432629266396678,0.5671027062004559,0.9899570242414026,4.396426955468162,-1.1080843587079878,8.637273792884011,-2.758939003449422,-0.34683811947144527,0.9791118252466753,-6.8971373331634975
1.1637165891066057,9.241847792889683,2.0093401589635254,0.5870327430016065,0.9334439480771946,4.428382358234392,-1.125824199477259,8.664806225097033,-2.4544066572648733,-0.37542513084322504,1.0070630309662192,-6.8341697564031065
1.177921004786119,9.249327406632107,2.1752800058424833,0.5877061187978535,0.8838282601051627,4.447085792927044,-1.149166773882898,8.692173775721269,-2.1388640431012034,-0.4099443512366834,1.0413218440704606,-6.759310741233952
1.19397801774908,9.230209698780643,2.3421951559072833,0.5677914475957162,0.8334184168626801,4.4710680216356185,-1.180327883394865,8.69382835072507,-1.8195450716996704,-0.45167802416448777,1.0550366877729531,-6.6818658269195215
1.2135197940421592,9.217458345659237,2.4947282104789448,0.5462131771529797,0.7999912059762972,4.505559096782744,-1.206459625954684,8.68782212828281,-1.4906688955060226,-0.49785909417978885,1.0741461284894256,-6.594999003286342
1.2267193095369566,9.218926389661302,2.613928610237755,0.5293333795935455,0.7734264746906296,4.529858222213724,-1.2160494282482874,8.691064307369071,-1.142795267967123,-0.5472177126791449,1.1145317854734573,-6.490241759499255
1.2367605090232048,9.226623531431507,2.7061877002566894,0.5175748171805382,0.7617616901335271,4.546734554218016,-1.2217472320063465,8.704872494198398,-0.788554504794813,-0.6013173325416548,1.1861717055648362,-6.359829782779474
1.245248881150013,9.240981308679146,2.7831841730323124,0.5160861206393688,0.7688953880057712,4.550002132386908,-1.226722912033718,8.733061045588574,-0.4340215112654236,-0.6536323821023344,1.2952407509804273,-6.195878337623457
1.2597781807971533,9.240104298163134,2.86285632595593,0.5111989032374863,0.7667807506798326,4.554088090033506,-1.225071841896249,8.745901019460343,-0.06651938890484221,-0.6892273213382796,1.4043302208175352,-6.016503534577711
1.2727505992986687,9.22726326610422,2.9413596019072075,0.49996999984950913,0.7565180226472376,4.555420575596042,-1.2163140925168254,8.74051100718917,0.3147641593430466,-0.728781988632625,1.4982459931892484,-5.805707537575581
1.2829223751578127,9.222007513282271,3.028332057583768,0.5013718549231458,0.7559242477270977,4.557617543105983,-1.20875781758286,8.740956801463884,0.6888476870178432,-0.7733154044755837,1.6085953319790383,-5.540868266370194
1.2921718093360224,9.218032449581631,3.1296061810535534,0.5199154893708231,0.7537989242746684,4.572082049025744,-1.206855487486817,8.752011120092877,1.0549306329760268,-0.808490254244799,1.7289972143641892,-5.215839861797247
1.299802638262029,9.2082929571419,3.2347624041358385,0.5274613536764421,0.7451089721801595,4.587912261919499,-1.208244201369981,8.76773096903929,1.4254577363157557,-0.8421304336593887,1.8397689699483029,-4.842730657580304
1.3110678384410308,9.192058652237618,3.3176826536628274,0.5235161090835982,0.7295623934178613,4.570445886295582,-1.212610638388663,8.781592503383465,1.802873470858018,-0.865289518981132,1.924495785583741,-4.456458148257874
1.3234097544080385,9.175346055739634,3.3796048244429744,0.5324686566695114,0.7162887968771373,4.547252015388927,-1.2164269598544937,8.79144696738651,2.1732508085035516,-0.8962926533891276,1.980185641349144,-4.04693075559676
1.3378819060873743,9.176058992389159,3.460257404677286,0.5651043583064238,0.7356380059836619,4.572044197098608,-1.226314839622524,8.814674890523417,2.5319882355587136,-0.9250956997210593,2.034876367961291,-3.62047830357562
1.3435094085681314,9.176575887083207,3.5649178807029296,0.5763879230827786,0.730645194224441,4.606392542231664,-1.2412313009763791,8.857176527925343,2.889811030309487,-0.9419346610868644,2.082290485264423,-3.194658488581651
1.3484307664044874,9.15133282011611,3.656156379356927,0.5667126222178709,0.7225692272150105,4.619337567307856,-1.2494471980191229,8.892746275252104,3.2511416325888125,-0.9436771887519132,2.1061755224419505,-2.749342688445922
1.3560705560425999,9.125112405749398,3.7329468983842222,0.5662843315076318,0.7266324359322888,4.601711061667678,-1.2490249449637556,8.915212336390427,3.5972942414875266,-0.9490863671593911,2.1101913420092333,-2.305960593208156
1.365157028271625,9.114728592934023,3.813213375489516,0.5751212139350513,0.7230246848771644,4.586159664852147,-1.2519312357193684,8.95586628341692,3.944022741460591,-0.9512395705070722,2.1158930491839034,-1.840246059395494
1.3692952458676455,9.103483033348112,3.8932838784600694,0.5783149784449213,0.7210407464204983,4.599365885242935,-1.2513885091342196,9.008364604389492,4.295256298544652,-0.9550895180088098,2.116212783973447,-1.3509222615357226
1.3721898669034498,9.105136729433209,3.98384583164634,0.5757807333604338,0.7277448031325577,4.623009887795476,-1.252715597907383,9.056816130317761,4.638441981630038,-0.9619265869355632,2.097755035134601,-0.859442673115028
1.3767733213474929,9.100170666127141,4.082656219184105,0.5679648359962717,0.7301416503742165,4.657337208574361,-1.249394566320921,9.099951550483045,4.972087830494798,-0.9641346341362452,2.0712602523850894,-0.37347933364582864
1.3898211472585325,9.07026718439744,4.149162223818207,0.5845891964595562,0.7257305932530532,4.623905841771094,-1.2371013931135104,9.139492949117626,5.299611891091079,-0.9713381302598556,2.037627515194764,0.11937681638589193
1.3989745730463319,9.057048254396392,4.2506515062213115,0.5931549555494969,0.734839785112227,4.634750813997194,-1.2284866906225158,9.177689685111734,5.629379774366109,-0.9905321675852439,1.9852789410415683,0.633080786090553
1.4067803339474003,9.046842724619642,4.365512159971857,0.5999784520277368,0.7547434549221796,4.638199954139571,-1.2272144649452623,9.220184427099925,5.955678805436644,-1.0053015118289987,1.923963028848728,1.162076790827126
1.4082107402015875,9.024660495766186,4.468502924967335,0.6024642931639655,0.7559998100482048,4.626068904078377,-1.2234126170531634,9.263787044528584,6.27172961605932,-1.0189216798316614,1.8710352970860207,1.7111373655505266
1.4061263062936988,8.995821734953891,4.577300686636784,0.6030024513606296,0.7494852883786449,4.632381124904587,-1.2135591402964734,9.30721718442237,6.573650627005479,-1.0371965173431685,1.8256042521466167,2.260927988216195
1.3988849277373923,8.958473786781015,4.677720993868831,0.6070080253745831,0.735610534214311,4.634044251649245,-1.2118372738883683,9.353245103738992,6.869549874340101,-1.057501709846326,1.7748288378416444,2.807911099584774
1.384488870607786,8.920414953789944,4.7977471437764105,0.6126914457722875,0.7207866659722836,4.649476186837758,-1.2110547651986694,9.390341318491455,7.160346696231333,-1.0816573015498807,1.7085609376252824,3.3508282438709562
1.3814949494774371,8.901098450575569,4.937529930802388,0.6150612793856844,0.718758544514194,4.712813036325178,-1.2074174956163708,9.407520187364234,7.4522855400565025,-1.1056887295164666,1.6242514625568831,3.909093641846433
1.3835102763133191,8.88446791565098,4.982247307696495,0.6256262129425221,0.7400110463317039,4.6201561630256895,-1.2006811663057908,9.459322329582827,7.7248539644496645,-1.1221711837368606,1.557450410593761,4.48035574786342
1.3829886817039903,8.862226200594975,5.0340129183782985,0.6342193696681344,0.7408814166597949,4.572841807404838,-1.1913042673876464,9.51479081720414,7.985155426100125,-1.1377783939641108,1.5009675210195836,5.061189951424591
1.3833921635881594,8.852147861257992,5.132993194478894,0.634313658546566,0.7455384132590425,4.599584676285751,-1.183940259134865,9.543581525832936,8.239198505953308,-1.1604983754085458,1.4358580527772018,5.6358206759304394
1.3781393165490237,8.836904129495913,5.216899573575739,0.6314340412542111,0.7471251170779128,4.623348696972039,-1.1818117722338497,9.573591255921482,8.482829367931604,-1.1814325494547642,1.3737531020365852,6.2148425195611505
1.3747579001998762,8.813061999271525,5.270183468559297,0.6353266524886704,0.7448282274816546,4.623578283235542,-1.1758077728228469,9.60944124991055,8.71681911902934,-1.1983668759556605,1.3115618032405876,6.800169249401271
1.376138350496199,8.784651251412903,5.328757635956534,0.6379158421237894,0.7300489424265705,4.634068904517369,-1.1647204812731824,9.622392384755141,8.95093156112096,-1.2155407279078203,1.2378823353974286,7.400168543711448
1.3687457951542608,8.76663926750426,5.394844782736746,0.6332529939505999,0.7090914285302669,4.679323426428823,-1.157494393663358,9.639787667921329,9.159522696577707,-1.2286586785127547,1.201342893496296,7.999607874057914
1.3576259746269268,8.759036855083533,5.46271009008898,0.6248282741635981,0.6930226300995966,4.738265047000894,-1.1475979788177508,9.674661992714181,9.359492063736504,-1.2354617300814998,1.134579578934305,8.583547624836612
1.3599626074788125,8.776126346318037,5.5042863057688045,0.6250781109565632,0.7229072101589382,4.73650510520409,-1.1327870882459423,9.703696335221785,9.565210180485339,-1.246809129918799,1.0716349495238802,9.188306620617544
1.359649573771489,8.778276198014279,5.524039509797473,0.6292876639561115,0.7477831304789468,4.6889457635868,-1.123828021023399,9.698772200982653,9.737268291062609,-1.2896060962372589,1.0808570147641685,9.784717247639367
1.3458007668033871,8.760262994707244,5.553803073556334,0.6270036468827322,0.7381382439177894,4.661180966604302,-1.1188096825413767,9.676259585855037,9.872924684816642,-1.3097415684999218,1.0358160603513737,10.316144194230148
1.343401764850325,8.75401871817429,5.597915817672143,0.6240513913025656,0.7390727467829221,4.660277289614277,-1.1093233489484258,9.664558882564112,10.022256044482884,-1.3149590381717258,1.018846103817212,10.893944419372945
1.354137216850349,8.7633578931198,5.632903819559241,0.6176475966301929,0.7446324696233242,4.6713410193569915,-1.090491894590812,9.649834043273184,10.182045114805707,-1.3093823297758007,1.0240722931031387,11.50870999940329
1.353989233199011,8.777238501561431,5.653355937997342,0.6133977803127276,0.7465659463735002,4.685428575097228,-1.0765131164822954,9.637259391251487,10.329213404822763,-1.3122686384499664,1.098442275989253,12.11539741872765
1.3623025562189568,8.798088040731766,5.66920879294189,0.6200696046453688,0.7586333143726609,4.692896480651385,-1.0510451760249715,9.60683748280253,10.471948049324931,-1.3109223239967778,1.225358899823325,12.675046157248046
1.3769255322429355,8.812998509379524,5.693313674495536,0.6192506801835457,0.7649048588252406,4.716108409184846,-1.0152594382975284,9.542871327777224,10.607267320897256,-1.2881155348373774,1.3273560867892469,13.185837679093849
1.3752645243535109,8.827098468636391,5.705318636190861,0.607270090756313,0.7648565027208719,4.728791379689806,-0.9945937133350177,9.49298682381639,10.725768524280435,-1.270906872830109,1.4311148185518465,13.679062135773883
1.3717694823595674,8.845529349526029,5.727570882930511,0.5981191505449424,0.7760135045930472,4.726410186495318,-0.9878934856285859,9.446652755750426,10.841754401072903,-1.258387461416747,1.534637601418274,14.162595724048682
1.3775796067701673,8.864413645872279,5.788378018160576,0.5904003374587731,0.7881988235184907,4.754742033607025,-0.983190205720984,9.392293556544839,10.957780706466899,-1.2382452366676922,1.632531948102357,14.611160812008137
1.3745709128354369,8.875337421385698,5.868632397867622,0.5834833224514819,0.7939890379387142,4.785506760610608,-0.9809761447147508,9.350411554259267,11.061449900055528,-1.213896464261653,1.7539125865717156,14.99898712848924
1.365904015530219,8.879032644474313,5.938827466355247,0.5891253484274168,0.8039545057497104,4.775998568681602,-0.9834708902321434,9.303660963043066,11.166108458807614,-1.190099527587231,1.8831090231663177,15.334906645753716
1.358173604492173,8.870297596332033,6.031712834226495,0.5977881936472283,0.8074548617960954,4.775458137678213,-0.987632556095809,9.255735871850566,11.28556016630479,-1.1708666650761113,1.9305676644679517,15.62925074987032
1.3554933383659924,8.85753583487093,6.152741485588487,0.6060185233822027,0.7997147826225303,4.808957404176928,-0.9885142204236536,9.217930982016897,11.436453077832976,-1.156322428768475,1.9822839107671384,15.853658282112752
1.3577153244382165,8.86798996051823,6.266911694325175,0.6114458566006195,0.8243926838244495,4.810751624352434,-0.9939273884448159,9.210585055210586,11.62422516915853,-1.1372995621044668,2.006066976187795,16.01889513059291
1.3625822050115546,8.896928237019416,6.380379462100821,0.6124656790994164,0.8735504774044973,4.795132679696431,-0.9975676088832142,9.220116535306563,11.84865251597147,-1.1144034935409783,1.892210334867796,16.16443996138623
1.364896299921397,8.906385734683356,6.513784621734443,0.617164393750139,0.9045153110477564,4.80489141607679,-1.000264035369948,9.237385343705313,12.085629075346173,-1.0842453638438723,1.7876268870152163,16.26161553423516
1.3613837255588104,8.899574157760126,6.670404378058606,0.6220433849803556,0.9288786260798432,4.811600145077219,-1.00944267885211,9.24503108116501,12.314907484697862,-1.0489547038700722,1.6755835237096952,16.337385631459693
1.3597421814894766,8.888683321086067,6.8548501978762655,0.6161296514965879,0.9557736775593975,4.824520716650876,-1.0069705089373546,9.229829361803151,12.534094001352164,-1.0077929785353548,1.5413025973236003,16.39302264391833
1.3486614922029747,8.872175509831997,7.0348870854599825,0.6150494307729797,0.9744684017794591,4.829266455123877,-0.9988109051703276,9.229052515340953,12.741489089572141,-0.9552012517826941,1.4393617300678299,16.406306813243887
1.3307887882229785,8.846772115459455,7.2327242320859595,0.621451776663581,0.9769001394539132,4.871858738417184,-0.9952635530276068,9.220906210200797,12.940843194539669,-0.891806971605739,1.354277046126182,16.403348277531478
1.334574404737776,8.841231715506776,7.476484556012359,0.6019261843739696,0.9820536637344446,4.9798632662844105,-0.979904726207339,9.1844619936065,13.147248501992676,-0.8175033750222227,1.2373163567868333,16.42759571579817
1.3388500589733718,8.852840393098194,7.704792050186796,0.580628860314558,0.9924168752669413,5.046449683010835,-0.9669855987429271,9.183642957630958,13.351788586729214,-0.7482709412924852,1.1390907307175846,16.484411113497742
1.329504573993585,8.862621637559107,7.93546130826458,0.575544967142891,1.0154694676703266,5.082312627021402,-0.9625383070108217,9.212505111658487,13.541916060441563,-0.7138451872023325,1.0719566603789945,16.58301400260432
1.3265137567373544,8.867462515184915,8.209949224274753,0.5674006516531235,1.0543191673256422,5.126462385297019,-0.9617852211417421,9.222258920934427,13.72339865477368,-0.7011343086215306,0.9907830857527422,16.686213487593463
1.3018355983714436,8.844229706822702,8.517601276426788,0.5661618753198154,1.094727227177086,5.154573447722536,-0.9772653883598439,9.244008381672792,13.892667494176992,-0.6682162683025245,0.9224142813820426,16.776274117448295
1.2805216471830556,8.810507685808886,8.816076639078304,0.5626417919229663,1.1274646941596815,5.17284651588406,-0.9967431555739552,9.270255369004404,14.055627548619144,-0.633032832172578,0.8574562406197302,16.83305051344881
1.2726128173415487,8.771688378498617,9.144878250231136,0.5535109032818845,1.150360127178437,5.2289625283843915,-1.0190070852789344,9.276987397804568,14.214803869714064,-0.6034800505797772,0.7541571301471782,16.85416992040641
1.279242937305656,8.751465935144795,9.490180111765806,0.5362586489617929,1.1821490701076867,5.297737157894825,-1.0318931882976994,9.267646540246906,14.386821023985629,-0.5780420918724405,0.6773645885465032,16.867165406160446
1.2833149442629106,8.752004931138543,9.850965092123984,0.5201407748308814,1.211616329957807,5.3888902774347285,-1.0362338629362222,9.291522938707253,14.569849860319493,-0.5379272183311063,0.6744858438071326,16.885879569924878
1.2870124958151545,8.745948556529195,10.221576826525085,0.5060504242927523,1.232831261438941,5.5069127428313465,-1.036354803085891,9.317772098402177,14.742780923870402,-0.49801851340462944,0.6947658973092004,16.912771028738174
1.303843391545353,8.726529228712373,10.593332959218522,0.4993237147649354,1.267259648637221,5.624566898833129,-1.034608403264807,9.30046627532921,14.898338089937669,-0.4911206641120241,0.660574053677298,16.938286359534988
1.3134548140309472,8.71268066402818,10.981639941413276,0.5014610221495485,1.3269686144515047,5.787630477837796,-1.0355298290038264,9.292843818365824,15.037923402351897,-0.4970135760815392,0.6194360525037637,16.936861774361375
1.3178042052941186,8.70258157915734,11.385036729742916,0.5171933102285325,1.3552013727543817,5.927330217037896,-1.0341421778094722,9.3096792180544,15.158635628404834,-0.47063428379108707,0.6115963400988055,16.927023932010794
1.32564356578515,8.705145360804483,11.785778568805423,0.5425023220201092,1.4119683502650653,6.115827153895498,-1.0246792535484537,9.314458265749078,15.270661450133598,-0.42973462877201163,0.6048106233809092,16.924790421630703
1.3298855706958368,8.718284747805946,12.180907870686388,0.5729655704599738,1.4981193463310225,6.231162276161696,-1.0229392408902847,9.305643594760983,15.379029902957747,-0.4124532434347174,0.5885422018852319,16.918978133042256
1.3356137802608448,8.72802879091417,12.569923650664752,0.6034450441421605,1.593181037257124,6.3851215365349585,-1.025106254709695,9.295542502347912,15.4811522813796,-0.41677932271431417,0.5735132532012549,16.91148236432005
1.3414344921027563,8.725237938378905,12.959395962474927,0.6180045019392088,1.672869444489974,6.599000774706263,-1.0298905408233203,9.295922651626835,15.572267401973807,-0.4079161135752932,0.5666373755909381,16.91091798365117
1.3586401769131669,8.74102458976266,13.341562868805925,0.6103936180434967,1.7711920060738575,6.872821241168864,-1.032592605622672,9.283050878810476,15.664153576648484,-0.4004288802551781,0.54889991186692,16.915712241701662
1.3744152332608879,8.770293734074766,13.728934929396384,0.6196719638315253,1.8674588810712036,7.2191952684627365,-1.0443423089246442,9.27035629552034,15.756072206625545,-0.4091499096552179,0.5432499264014362,16.90967731779414
1.3897221085709002,8.78916388182816,14.11482429245758,0.614946390578641,1.9308849571919944,7.61738221812341,-1.0599554949264482,9.267976555542106,15.840648543939784,-0.41323532758637804,0.5507440542497491,16.906249261343973
1.403358049419489,8.808386392637424,14.481799912515486,0.6097065612751572,1.9867016968252509,8.032149143925409,-1.0689011068745025,9.264783815159,15.930512081377069,-0.41056576838332615,0.5581525209384236,16.92373089737407
1.4188160571243076,8.852471874722095,14.834158009268819,0.5914207798120957,2.0635357727895234,8.472021934089149,-1.0727732908875072,9.249476610676194,16.03193716382171,-0.41699150507694255,0.5567274683896655,16.93498665318218
1.4385179526937277,8.9073253706424,15.186652426448955,0.5737930671684418,2.1227808681952616,8.94801228089789,-1.0744946641552708,9.231251458311156,16.13564677800268,-0.4248361631195685,0.5542968430380447,16.93853350891
1.4569764629580244,8.96240027834381,15.532369559056717,0.5768857686134607,2.162698528952574,9.429036955157184,-1.0756521457775103,9.216601461032626,16.221698571837422,-0.4256577944559822,0.5522740659956957,16.94719169003225
1.4676889755307472,9.021325723704319,15.85786415082595,0.5970322433046205,2.1946185144390307,9.890557864401012,-1.0767735996279244,9.191915768654091,16.294037384081307,-0.42576455067909447,0.5375464158799912,16.95284625058102
1.4775787412816122,9.044018612128816,16.21889021866314,0.6408339417790729,2.173319778994338,10.397696878826887,-1.0938703492021415,9.208962106154729,16.35814141849215,-0.42243821569129036,0.5583900754300167,16.969401486665106
1.488677863724833,9.092702399453078,16.541051831505296,0.6791758957072631,2.1660381306545258,10.86833824122023,-1.101363461863509,9.207877833519401,16.423337358704586,-0.4258129424266993,0.5656025666695154,16.968795854792397
1.4969412033722496,9.154294341913548,16.845313512281837,0.7078795739089361,2.1799518694267666,11.326639223762582,-1.1019984919085393,9.18553172760549,16.49342490436009,-0.4249939459624324,0.5586035047768236,16.959542271192745
1.501692492594841,9.201393508624822,17.14815502110282,0.7312713242839415,2.164923135387879,11.809044464634598,-1.0996645908766987,9.155802000753077,16.578483077364453,-0.42796750935111083,0.5489616255402584,16.963827330615825
1.5006109218099737,9.242795989777857,17.45791673991082,0.768293708813663,2.113052610344517,12.311592368555878,-1.0978565547115382,9.14551892739178,16.66257307674313,-0.42542516302596417,0.553161477142642,16.979141248584185
1.500568917974635,9.298993242880826,17.759007109407783,0.8108010226828544,2.072452870240545,12.817441188332152,-1.0992461300873293,9.144734592443214,16.75155449421963,-0.43419482850921953,0.5642032740361529,16.983891745610894
1.5004670491588805,9.352296008138659,18.039824584648738,0.8487206578906337,2.035385661512223,13.327809516329017,-1.1001010917156697,9.125402925533407,16.836133731236853,-0.4429900573669674,0.5573415473702196,16.976157834946967
1.4994866937918163,9.391967631992866,18.311265397787146,0.8823277824263897,1.971342971752669,13.852763455644167,-1.0976578476583048,9.098799544455186,16.916938034676782,-0.43910561896145384,0.5486317592779419,16.988497407114185
1.4884455659587281,9.44121229253177,18.59512199615301,0.9130532737156599,1.900511586424543,14.396085199917868,-1.1027906133588483,9.088644701292228,17.010143787763237,-0.4412532492960177,0.5646757352578976,17.010410976477118
1.474738290979199,9.50428886697556,18.894460552708157,0.9486041835010393,1.8168458668754544,14.983795134427822,-1.106068582825628,9.078063066099716,17.10127294348669,-0.44653632382398734,0.5748397499867436,17.021048655838587
1.459396162071738,9.522660078770427,19.151864023548708,0.991527470643041,1.7343294280123742,15.518905334069412,-1.1099316233462289,9.056644127092962,17.17887636105394,-0.44500836207449324,0.5722085797866215,17.0215610032876
1.4433169069411302,9.546184405910498,19.40531458002009,1.039912099551462,1.6591656121419827,16.068154777432838,-1.117368721036798,9.035988607406654,17.25789371461041,-0.4484763612070265,0.5705025304223121,17.022643715102813
1.4305986043993437,9.562424192703428,19.652403916466252,1.084626855401862,1.5894461508982705,16.614086335863664,-1.12880159385589,9.013641136763681,17.347722298373544,-0.45117543142300276,0.5673675474609812,17.038412606116545
1.4155438849616337,9.58659211688411,19.879697862542034,1.1298419283292938,1.5237792661690335,17.158322485170103,-1.120959169869458,9.006928283869708,17.42848790067681,-0.45179918541376873,0.579535685368426,17.046830383603346
1.4043538227686025,9.584359194424842,20.070103890754858,1.1948891621661875,1.446532907332158,17.63209893941782,-1.1155391606374145,8.984028765474934,17.509127767701674,-0.4482769428799105,0.5799598715953773,17.058375366819806
1.396134784157039,9.603651834012712,20.261588497638755,1.258015182698749,1.3904935799227018,18.161697955980298,-1.1094144005027258,8.960381803182383,17.5827430438642,-0.4443838939391004,0.5771121025432077,17.063856319885826
1.3815363021966045,9.61991751452761,20.45475129699748,1.323867352116389,1.3302130101250922,18.707692505219242,-1.1017241910814217,8.945928566342001,17.66332753210061,-0.44270388645392444,0.5857153009737488,17.072499128703523
1.3733787613304587,9.62539900567804,20.632523335108058,1.3911149105336214,1.2691615144030557,19.264000561772633,-1.092197779946898,8.922611045475437,17.735313663249606,-0.43855660621089143,0.5834543138522735,17.07842255313338
1.3739304327739204,9.619650524808435,20.798938121265643,1.4505288574665731,1.2331493183817712,19.813396116298623,-1.0813504072183606,8.886339434829644,17.798393897967646,-0.43716223274051463,0.561577007637161,17.0752800612612
1.3685980615434465,9.607598653915996,20.966494039809664,1.5048485840446215,1.1988912593378487,20.356769662173246,-1.0791039478591142,8.867455616430394,17.865059847879948,-0.4400966577615281,0.547481523899481,17.086069255683842
1.3494358243440734,9.582163440055197,21.13514814462748,1.5611172232603643,1.1520166655128365,20.91491257897967,-1.0823160397258524,8.867013885926966,17.920655587522255,-0.43589266249959563,0.5543870804018006,17.113080292690032
1.3328489702521376,9.55529212855884,21.292313373186122,1.6239956370826865,1.1352680196368057,21.47508000693103,-1.0789279116752404,8.861411576441888,17.955091935581123,-0.4295814993556108,0.5575310771279872,17.11892784992685
1.33389624042658,9.543567200360375,21.428354830733376,1.684370469071894,1.1620895188513147,22.007551237462028,-1.066506412748978,8.84602062865763,17.992366725080508,-0.4282866130309866,0.5526462828691202,17.109639861904135
1.343023544046667,9.526999081511452,21.538720746918127,1.728268073024097,1.1978526488714045,22.510703566751967,-1.0541743928267846,8.835162549495209,18.041743086959602,-0.4243487220014607,0.5519106111056924,17.1079170574478
1.351245973472111,9.48034472574486,21.646645282168386,1.7610873923311692,1.208717737598274,23.031506829959014,-1.047908158179251,8.813816463739625,18.10123304729777,-0.41635070295974497,0.5471256222077816,17.118164421008935
1.356678629665532,9.436538073848592,21.75972547991516,1.783147371558642,1.2316245104804866,23.5874162762648,-1.0400015664463305,8.790157253645276,18.15947216990861,-0.4091341449504334,0.5442361321223921,17.125738778398677
1.364065341891597,9.387847292504244,21.863362476025348,1.7968648221263495,1.279928344472194,24.138208439468805,-1.0288035368400734,8.771557602761215,18.218810587298197,-0.39933947001409054,0.5432047064098874,17.134884149754896
1.3729351138155976,9.3231542725845,21.961815075675965,1.8079235685592352,1.3160019319361946,24.65503641132213,-1.0223680142962697,8.755308234165273,18.27180030863992,-0.39575254085553063,0.5431486271235341,17.13312912043389
1.3841824546205395,9.26336315096027,22.071405461373143,1.8175693376273183,1.3737859724264905,25.134551333948238,-1.0174586620239165,8.73997930188441,18.322517243593904,-0.3934936533349303,0.5383009701229434,17.129290511112696
1.398998339669235,9.211830759218032,22.181539318004774,1.8204085519779802,1.4443539354789368,25.570877425254384,-1.0158446555494534,8.733117861735897,18.38246459946322,-0.3885739740949208,0.5453566129836576,17.141319163035185
1.417958315289814,9.163076420020248,22.296556032072598,1.8194311013838278,1.5301533713020379,25.977945174633895,-1.0128065420373593,8.72883810630151,18.447553225679464,-0.38299491691259374,0.5561823658624117,17.16105808875411
1.4428373280660862,9.124925596904534,22.4216971379414,1.8208829529764323,1.6108655392780225,26.34252782977505,-1.008276501824514,8.718458823223536,18.522979070205185,-0.37444128230816615,0.5628595160789523,17.18137517077093
1.4762165629881958,9.078184878594143,22.549104594278024,1.8318996050830467,1.6737230756563075,26.655578477206237,-1.0053974026884567,8.705012654883888,18.606450134915082,-0.36736244829509684,0.5720688766868892,17.18872954160935
1.52293864461127,9.029778075854757,22.671305102815733,1.8506893462027365,1.7310049862809853,26.906646982230065,-0.9961147566193013,8.68139089019321,18.6956275481176,-0.36151521210986126,0.5611814888871829,17.175709517463563
1.5641709480987775,9.004838317728339,22.8154924687385,1.8568852611085342,1.7440332903454525,27.09975017742144,-0.9833500472734897,8.657173959775877,18.79278391446826,-0.36511506556979584,0.5542807282457067,17.16900719342535
1.588234507220488,8.993177457524066,22.99028113326004,1.8755130987365596,1.6964100059504497,27.26108191136103,-0.9698908850368366,8.641915647773388,18.899029273795946,-0.3683855802772351,0.5529597561345934,17.183073312298625
1.6104849422980045,8.993124448924693,23.18511622292867,1.9016863954313477,1.627331870889627,27.392399922845552,-0.9534669532463589,8.630232844050063,19.008821525387514,-0.3759267355041293,0.560147017188696,17.19681589967673
1.633467515213007,8.99794964208895,23.393978381135963,1.9221369390989644,1.55752312353431,27.492154538573487,-0.9329044335263111,8.614256669750318,19.117616948445697,-0.3853427564726837,0.5753145893725924,17.179821133916924
1.6544521523296172,9.008736948417745,23.60257253050984,1.9476075422914767,1.490245113692905,27.564516060756308,-0.9154676757200313,8.599791313848982,19.243404070356082,-0.38842291582247934,0.5945627365653401,17.163177228187116
1.669361526924254,9.008523200310105,23.800116471887954,1.9649842266825908,1.4132463076293538,27.63237320299702,-0.8966784172562042,8.58532735240987,19.392514745055454,-0.38512047624583445,0.6165993240087924,17.175241782649497
1.6862191853362607,8.991265936075829,23.981207574948964,1.9612941563170159,1.3256926064669383,27.699206490996655,-0.868950725858258,8.570087198466567,19.558517768940455,-0.3824046451911032,0.6396096728079561,17.1968176925276
1.7079111961410685,8.979541750504398,24.160205004626697,1.931237556418342,1.2449880614941078,27.75361870985373,-0.8392467482339625,8.549226139340856,19.730027233146522,-0.386042306853225,0.6595371307025926,17.20348520276508
1.724109997797024,8.983871993559346,24.356536765889107,1.8840626363229025,1.1712402890209723,27.818173862141663,-0.8179351972930489,8.543943087980315,19.906216835336,-0.3958826964964113,0.6905859503139322,17.213652823525198
1.732411537510693,8.983417038893784,24.55491811430319,1.8375390662575364,1.0841376444554902,27.90968986200742,-0.8026662068149929,8.559878091626427,20.099127411479525,-0.3985004487645886,0.7334032316771235,17.241716235270708
1.7454258524233832,8.980106618462038,24.74014811392054,1.787012271352358,0.9979290502918843,27.993808423613594,-0.7827435643203524,8.576476801364317,20.311771153933154,-0.3902571333059094,0.776371264142063,17.263658442195556
1.7703137229955583,9.004293771966886,24.912725994305646,1.732621923966012,0.937526425832984,28.061760199656756,-0.7470200437800391,8.578674732362236,20.53956396223704,-0.3727552672596725,0.820080207243538,17.275696051552522
1.8071978205068862,9.031749564657627,25.07035286020694,1.6856766601020672,0.8834393210651696,28.11292737955592,-0.7053884794109508,8.557163965985541,20.79385356856945,-0.35816314762220514,0.8550485953241966,17.299494262070855
1.8461337274297842,9.038018932467306,25.216366796787938,1.6559153525749786,0.8293476853042734,28.142957547119956,-0.6765716629275634,8.543252743480465,21.087743293442895,-0.3434072862936489,0.9026303819804578,17.346604000020562
1.8808793896051932,9.05328294884286,25.36291877772197,1.6480821639404375,0.8081410426719329,28.15009073132327,-0.651678282622719,8.53652434245569,21.400992142998597,-0.3321968894326792,0.9542045169328119,17.403833542741964
1.916305730865174,9.071091290491495,25.505264618397472,1.6515918830037064,0.8212711015095333,28.143418104684343,-0.6265930276559867,8.53117850382019,21.71556842925624,-0.3253161083269315,0.9953423414351701,17.460000186625663
1.9512857675588666,9.080012159582033,25.66407436385412,1.6607800602892007,0.7823349943710927,28.15103606535392,-0.6043906864320854,8.51847758950997,22.046481076686096,-0.31323733326544717,1.0147833210876045,17.513679014017157
1.9817387085066525,9.085117327746488,25.83079157646459,1.6718982547362955,0.760160984107314,28.179001167883637,-0.5887697108662773,8.51219333085579,22.39560393851127,-0.3056351584547052,1.0343081747908558,17.568234671225774
2.0094181336613026,9.08621833111534,25.989913541146805,1.6800580094679292,0.7411250210257527,28.20624357624699,-0.5764199086754334,8.516730606212063,22.754507951296986,-0.30767888503354673,1.0813288782502308,17.652524549375276
2.0400669483674467,9.085379601016168,26.13000678335404,1.6692945162510104,0.7255242705069269,28.214510552791022,-0.5629900287279689,8.514126324376452,23.106405275472977,-0.31838457602204073,1.1468673324959493,17.751812684276366
2.070542382090231,9.09244892147688,26.25546213017133,1.6511690085467583,0.7162824412516025,28.21345839508355,-0.5524247061123347,8.502593416665212,23.462574269103314,-0.32573958794012936,1.2109205834342016,17.848346888809814
2.0835922442103008,9.09196729350661,26.37652541972172,1.6369916050247975,0.6984289627030161,28.223236865938606,-0.5397298713420431,8.516259253012972,23.842933059625175,-0.33228942200213146,1.2918336982812928,17.980969077461335
2.087733502179024,9.091331227915095,26.49331261091012,1.6260444956254345,0.6806345810279861,28.241019033643585,-0.5239382518137202,8.536720804061304,24.23821543510848,-0.35774654378241527,1.3824251278537711,18.152420252431032
2.0938315224684994,9.09120977901323,26.603072776454166,1.6095993311275967,0.6662854873645839,28.252226504714567,-0.5075863739733942,8.56474138073747,24.63347267425909,-0.3899525928113875,1.4806324982084518,18.343498282906445
2.1105150391794423,9.096326594018318,26.7009335241077,1.5914881470900384,0.6637712919640198,28.26115196413348,-0.485193102103436,8.588598050778263,25.029609564415217,-0.4060702292708033,1.57848479942253,18.57942363805925
2.1217049385542492,9.09055023616639,26.793392453258633,1.5927285624817733,0.6548465397220491,28.27392453181763,-0.4648061942582405,8.61703843207205,25.409020975864482,-0.4022764641246859,1.6871584116493623,18.8581686129044
2.1319793172178048,9.090688369142747,26.897873167766008,1.5750388993118403,0.6449059681307708,28.28167926759953,-0.44832881956931664,8.640541468383075,25.767383947421198,-0.39437241612502066,1.8031793269997527,19.151349138863786
2.140237049303083,9.096359603963133,27.018182293132927,1.5524822045759117,0.6443953728979475,28.30212467182085,-0.4353730899208673,8.659477018264678,26.120187995741013,-0.39679505269340737,1.8982535454491285,19.50376023249599
2.131585535596995,9.081677234033787,27.138200744870396,1.5366327081452786,0.630312991192942,28.329124817775714,-0.4227369877308406,8.695713408179065,26.489666319777495,-0.4144244553915632,1.965649257267268,19.94588302045686
2.1251846318568814,9.062506382779237,27.25511334681539,1.5435297438023017,0.618483708138587,28.319385792225912,-0.4153300618714304,8.74285984717601,26.848176269776772,-0.4267007168109686,2.0366414152523955,20.373232129349113
2.1357367987628413,9.061315621815867,27.37409448656891,1.5533137689830858,0.6304554810472438,28.29513757756101,-0.4116124187905836,8.77109365000349,27.186695676305252,-0.4289126853568295,2.088456592087805,20.76362093603751
2.1378291546350368,9.041043770866562,27.486587312621374,1.5525327162252724,0.6206038806416095,28.303758875923034,-0.4061657310537802,8.80623574434174,27.521419127296028,-0.42933008539433093,2.1041462874395376,21.18516982774888
2.135146333897761,9.015681468387704,27.58693547083783,1.5586084602170835,0.6013050379709148,28.31618993454914,-0.39962228001705175,8.857595477492657,27.85510543127887,-0.441239576237218,2.1112476764008368,21.641549255716697
2.1445841353796293,9.020059172486175,27.692719197192478,1.5622212388454646,0.6185866764014946,28.321539903013267,-0.39078216576059766,8.907988804478606,28.182075227637537,-0.4507590173130964,2.1161882233927694,22.10293390235561
2.1511557037290014,9.016385283859673,27.79645446043538,1.563215147939347,0.6318236241707136,28.330886515170988,-0.3851391656934171,8.962286899796819,28.505520767616332,-0.4537067552313879,2.1012221680697403,22.561250564061393
2.151782524075809,8.988412431231946,27.891386786406574,1.5661092218492616,0.6194413016115166,28.346969631359297,-0.38026478292061483,9.022166538119343,28.827072055454245,-0.45723707242591227,2.0653428303810917,23.040507000704576
2.156487067612048,8.964451393531771,27.990063677339748,1.5730016951645527,0.6073024551155435,28.34960055214281,-0.3756836726778813,9.07111005894187,29.141267252560308,-0.4604052114751633,2.0201690456816523,23.535076029599807
2.1663793694952655,8.950529599126456,28.094473485840997,1.57903575564727,0.6089538808855488,28.345300539833026,-0.3684930225863045,9.105920903874793,29.44559840695957,-0.46352184129502316,1.9707358731297249,24.03136011654242
2.169867425439143,8.924851823277944,28.195793594243373,1.5851257742574243,0.6046141249095996,28.350304083631723,-0.36386402985996336,9.14896768623797,29.73953339700854,-0.462663991878138,1.9210762902757317,24.552723532679114
2.1736121432492235,8.902629160086365,28.290442911670134,1.5884689701571175,0.6020167758660149,28.359495709914327,-0.3573915185847962,9.196669712163608,30.028240843343003,-0.4619790992834291,1.8638495344831036,25.08853690608504
2.1806371675923444,8.882676675854695,28.389293569183696,1.5919914675293791,0.609788424942645,28.35584978760616,-0.34925140326881643,9.234619229474948,30.30895151230758,-0.46404817127160536,1.8013350123560445,25.604184509159616
2.1919392544591862,8.86697556206816,28.488143762195396,1.5960385120484726,0.6221016189863599,28.36050063844252,-0.34407401348549854,9.267052248653496,30.585089995438704,-0.4665510163907589,1.733518348628936,26.135171320760623
2.2026012434035915,8.846073626456949,28.579657204054893,1.6022176563774317,0.6238411928060574,28.372140539773326,-0.33771139654587196,9.305099700177635,30.856649750936004,-0.46201667212946435,1.6522795049559513,26.69876024834401
2.2105761048153822,8.820469313318629,28.671409308326986,1.6097112362372514,0.6137166771891722,28.395211760246976,-0.3285896043089099,9.344219815405214,31.11570161126208,-0.45368669049132876,1.5648345179537524,27.262028644805092
2.2051264867882754,8.787641312616355,28.765473214881876,1.6138044402359322,0.5967645940923111,28.428009116709408,-0.32210742752579774,9.39407213043739,31.360697121271564,-0.44379265565261006,1.489891120354391,27.819517429190526
2.2053683484110023,8.764847099949732,28.84558711802134,1.622763660197411,0.5989763382332834,28.419292200131515,-0.3174546352726013,9.428867402686148,31.607753023177636,-0.4433626501635232,1.4184495921993334,28.388631749004997
2.2281051740066578,8.764572060265408,28.914365905896773,1.6288573220044014,0.628043333565505,28.402921324382007,-0.3074790158301213,9.439112713384963,31.85645691584459,-0.45981118831061274,1.3404254839672969,28.97741736748467
2.243817209072869,8.742991859062464,28.979895055110852,1.6328743962049157,0.6292317212686834,28.405891419645723,-0.2984914561770644,9.45107215910303,32.083359017799346,-0.47696685951215245,1.2486959205573316,29.55502964623108
2.245689666190006,8.713953852718923,29.045789876250478,1.6362452315465126,0.6214302875434585,28.409587286267445,-0.29681143418195655,9.473292964907525,32.289420041480945,-0.4829658330038492,1.1618357076017956,30.127450082599417
2.2423187873697588,8.690012264422355,29.118702934659034,1.6373034306884462,0.6123264107234938,28.43487994154773,-0.29623351570053386,9.502786092640324,32.48216275236017,-0.48693106868499536,1.1053936138944631,30.7122253098923
2.2376302690504932,8.679318888918866,29.192607470778945,1.6356783397018808,0.6075128874012148,28.477411517132865,-0.2910497718565428,9.527279324723931,32.66593753965296,-0.4988754897128873,1.0665351505532195,31.298672126046878
2.2448246652870143,8.686346091548828,29.251222700723023,1.6350955612710947,0.6189373700908961,28.492097126002093,-0.287519279929532,9.524005922383203,32.85247858836979,-0.5233341173438336,1.013915304629215,31.875260620362315
2.254277038687353,8.684784761757335,29.278210597107158,1.634527422140105,0.6307599398363889,28.47359238047318,-0.2813253082003919,9.52244900477129,33.023563048754234,-0.5397786377190862,0.9626438305776996,32.44650067293426
2.2563022431125046,8.6679202974789,29.278234766717485,1.6389392201865343,0.6292923411396676,28.435813897208938,-0.27034670638277986,9.528435576288343,33.176438773110576,-0.5515764419643104,0.9140806305560784,33.02435707202777
2.2488776430770057,8.662879223369524,29.299982033932448,1.6384588891027057,0.6300773429372277,28.418441757409006,-0.2614529070173208,9.534596920605274,33.32577512384469,-0.569539638890431,0.8790379711605076,33.597512561654284
2.2393257556359893,8.669663243931161,29.345126930745515,1.630831814571223,0.6303856215807307,28.441848796299073,-0.2564657418595712,9.532169094798466,33.469352294498826,-0.5822126279511368,0.8611255637663962,34.15785216259138
2.235293269478573,8.676568375846152,29.390329059133293,1.6160921428291102,0.6196343451573169,28.516056797745918,-0.24403323921446063,9.516629973716292,33.60491218353648,-0.5804367729421211,0.8424907407304124,34.71862519070735
2.242801092968266,8.700143859589302,29.38181574163998,1.6094545271918566,0.6374296139630418,28.48199247376616,-0.23112313536097212,9.500403662698925,33.7445910609622,-0.5787828708088106,0.8445894556920591,35.281887407411865
2.2410576881594095,8.7104868023116,29.401790602207512,1.6027876172603044,0.6399025586393849,28.49405253489986,-0.22192381590899574,9.47555852353699,33.88276885265976,-0.5809408049938743,0.880313039741716,35.832236068660904
2.2352107146439772,8.709604515887968,29.432437172540048,1.6008359979675706,0.6303832797177922,28.511933911352603,-0.21764772836384882,9.437990481600782,34.00143019230108,-0.5766585479841689,0.9402854861599907,36.346487237254905
2.239220530744057,8.718717107492918,29.469869052999655,1.5959849768491807,0.639519904642998,28.515087007938643,-0.2137076553911904,9.391466324089109,34.121736178086984,-0.5675448209694637,1.003030685152972,36.83888006354384
2.239184578392384,8.730871727521766,29.520396898811534,1.5773873487970604,0.6611929126453718,28.52393665247284,-0.21554138311325854,9.360336575927242,34.23194859360888,-0.5717656395370551,1.1238135671782048,37.311339301216364
2.231145984882644,8.739024316891605,29.58609507669054,1.5656789747606323,0.6670967244569298,28.545185761507735,-0.22294180121186036,9.330842284732883,34.33799695864118,-0.5589311421889247,1.260087998966953,37.76454337559651
2.2257697632444713,8.74068993517293,29.652165623231237,1.5664954136353408,0.6597092598709259,28.558485373939163,-0.22859921036651598,9.283624506220706,34.454807227339515,-0.5295167419988762,1.3857755256695081,38.18996467852995
2.2188028028150892,8.727478237792653,29.693351936421607,1.5773144920516486,0.6555651625310275,28.522217039984536,-0.2360198954088869,9.239605601158381,34.58242456522652,-0.4946909342576381,1.4973365317530247,38.56633929640685
2.2244580918061514,8.731929241181595,29.73922028142904,1.5892012670843543,0.6777206249039536,28.48893127547458,-0.23721179790791957,9.190026628172888,34.72572010295392,-0.4596305290202422,1.5711103180160548,38.877321024656965
2.2353329463428238,8.744289805819108,29.82257834619114,1.5879566609913305,0.697181960326211,28.51452292635753,-0.23580325527032242,9.156090068307652,34.885747896106956,-0.43264705429006023,1.6127701940694164,39.120471032761756
2.236348867547739,8.75468664180903,29.950658901475474,1.5809845961867501,0.7164644035413166,28.561814246943047,-0.2450974586308456,9.14497545278412,35.06253871189193,-0.4180946405627295,1.6370782096744618,39.30576001555703
2.228804986735387,8.756000660227206,30.107920246783223,1.584195828092654,0.7426350294641164,28.592804837697212,-0.2648952114089081,9.131678383301669,35.24459541383249,-0.4029164351940395,1.6587207069425123,39.45912414282041
2.2153091332010746,8.743915786584743,30.237294271186148,1.6035598321851527,0.7669367515243103,28.5505714857026,-0.28137798249796414,9.12851224091144,35.424569122336095,-0.37534342607402904,1.5805588348709823,39.582583542086056
2.204372267155377,8.719118071261928,30.422145014170944,1.595555289427843,0.7383614818857549,28.638994349282036,-0.29320002240056814,9.137723490318194,35.6264554956717,-0.34200410419900296,1.4751814723833783,39.672297379672884
2.204701913935999,8.713759486164662,30.52776852210713,1.638640513546771,0.7936444415091752,28.55821728123432,-0.29790620862864675,9.131768159886215,35.84745190618262,-0.3190225369409667,1.3815541987648532,39.742409807311546
2.1995843639545174,8.706437172325126,30.681775338426522,1.631852557352552,0.816626421628778,28.569653652559097,-0.2923073605779189,9.10880461995339,36.06644691539532,-0.30536590400151187,1.2892059016609625,39.78851710691099
2.1987865071903876,8.719690942994477,30.80822125158836,1.6609885694903561,0.8853272278153663,28.49269831906483,-0.28762265106789414,9.08514781317994,36.27139051427009,-0.2885119197240919,1.1981569229782094,39.81010708894326
2.1807050284251757,8.701114024248227,31.073993490361214,1.6110546984831162,0.8550950371147885,28.652215055322063,-0.2862178428646994,9.08653001784473,36.456934502556486,-0.26014571207008647,1.1365610699375808,39.826180975997666
2.1669099507035363,8.704791662267812,31.317333961019628,1.583415962077473,0.8581632018022394,28.73991281005,-0.2891434591770712,9.114478733899443,36.63668456689639,-0.2326405627122014,1.077578897189564,39.86370773249477
2.1644341597019383,8.720534452087907,31.54566404181388,1.5730230156456049,0.8825466929475088,28.78506210524453,-0.2929391511963245,9.135850330052271,36.82860860985248,-0.22881507108515403,1.012600760551356,39.92908228850206
2.151425818696688,8.722695451590642,31.777982543997517,1.5733465910558824,0.92757485975939,28.788567457218832,-0.30423128581585646,9.14445856227365,37.032419744133506,-0.23927837157642,0.9574859108693261,40.00199421385423
2.1288558319966113,8.710214483580465,32.01830690773654,1.5684180890608734,0.984094345791346,28.776164855922392,-0.3239584244011523,9.15157359085055,37.23462761867456,-0.22869270612493636,0.9153216879630237,40.07507512396446
2.105282554101626,8.68846746470822,32.29384831551983,1.5521259316345946,1.0199254292834414,28.80395177340917,-0.35179882612749347,9.163045035634513,37.415669552226376,-0.205276668012595,0.8885585491086669,40.15040686451976
2.0907151870657685,8.665184665844716,32.604426331952624,1.5304722995889004,1.0419044844044847,28.856137592852047,-0.3799358215471166,9.179418213750079,37.57455491657961,-0.1907153523850607,0.8564519473222556,40.20256056643812
2.08084723826543,8.642563631236968,32.93861104991327,1.5013415745160565,1.0603237695490513,28.918884413401933,-0.40636312695930166,9.190183509028998,37.73433201057703,-0.18607855667556522,0.8097269722397353,40.24172510863866
2.084228212117447,8.625939436914589,33.2832686176875,1.4670759611899906,1.0749758306606836,28.99602170703561,-0.42794438496689136,9.188742342225199,37.91069629481205,-0.17047784598209945,0.762183607505903,40.279810335707545
2.1032408535421365,8.6245758582306,33.632416246223904,1.4518489461995752,1.0903185324516906,29.07221028285122,-0.4438224224907399,9.178651577295973,38.08745878584655,-0.1461760752124118,0.7178207983529181,40.29232216713381
2.1294109580839375,8.634105473608333,33.98289775874217,1.4455806163227405,1.1205921087122332,29.164107412967656,-0.4511686307563125,9.16508232876333,38.26196575194633,-0.12498939687543872,0.669735539391199,40.30333033401942
2.1502766393071724,8.628119560345498,34.33072806428923,1.43354263406228,1.1498844102958352,29.26616991714743,-0.45469242369608986,9.161898618009271,38.419388981463534,-0.10791620893676102,0.6315863569239372,40.31893658270758
2.162058040471697,8.617393850369307,34.69467466360752,1.41829542546651,1.1885634973154042,29.406595552545266,-0.4585481310457019,9.164903029527586,38.548969862904585,-0.07955302032531675,0.609718614209146,40.322496587079534
2.1677727947622323,8.620634233173057,35.08445070853372,1.4178934217447157,1.2454402389122379,29.57688917510019,-0.46000867320329797,9.168070267624529,38.650553634335786,-0.04665454470503111,0.5999453284463973,40.3234322051041
2.168592484974215,8.61573904665703,35.477009584695416,1.4222808874580823,1.3087104688752627,29.740342372934677,-0.4667601060215908,9.169606575908922,38.738134154993055,-0.018426806513658217,0.5815047121057025,40.331374002587076
2.164218899728251,8.594615142019606,35.8691231925343,1.4042622764052417,1.3707926169598221,29.928121740902842,-0.47596710343166726,9.170657460537464,38.82183536030375,0.012819641539138588,0.5472021383023424,40.336413610357134
2.1626376069592808,8.599872445253322,36.26103526250376,1.40298231035098,1.4431956078871178,30.135622889226344,-0.4723521009300091,9.17002684099511,38.90337972641014,0.051105674721175665,0.5137739912754723,40.33562207705641
2.1676650864852354,8.642077270588905,36.64228687705492,1.4069410524576842,1.5551006298133125,30.357691890212006,-0.4570099165594008,9.153415382528621,38.99878176545027,0.07021690689477836,0.4725215703125939,40.32872981451387
2.168612078342858,8.67354122556132,37.01501931823118,1.3979328073446464,1.6605594378962483,30.644217588938687,-0.4463779610249422,9.150228952748472,39.10888474508796,0.09486508303532676,0.44006811645202193,40.33160187192628
2.172438778978343,8.699421504819856,37.40082853289834,1.384928525067345,1.7305754594326692,31.034880400768596,-0.4329107176924065,9.162879663077387,39.21480320446601,0.1261569761867439,0.43725109395655914,40.34982906723127
2.1795921557235394,8.726659221856188,37.7922939466134,1.3806832336256973,1.7876452699087242,31.478463942139648,-0.4101013888688698,9.153425119070029,39.31553598848129,0.1472485612938844,0.43165604784015454,40.34781793020582
2.180962271523196,8.754706056181854,38.16041810055123,1.3815378506622258,1.8486886625602574,31.93247245111199,-0.3879352741019694,9.143020722626797,39.425404916869205,0.1578173933252301,0.4274915921262077,40.34473092868118
2.1864661139312576,8.79892657980091,38.49498522621948,1.3715079087527267,1.9192233144165498,32.38532123758264,-0.3613992217456182,9.136353009716967,39.548724802409225,0.16947598703359476,0.42552759340277047,40.365532725539765
2.1885236963638253,8.850135920548304,38.822240340223324,1.3664883221211401,1.986628331378216,32.85300767955508,-0.335631532221205,9.122796090246302,39.66662874307111,0.1744041345013138,0.42508547881575176,40.37013104391035
2.1836935190418694,8.89164163322402,39.15962015890401,1.3801715519223516,2.0174398464561394,33.323317911405404,-0.31961126150057373,9.107814240095824,39.768801803318716,0.1821848967373624,0.4206546718822274,40.360420609456
2.182532497146142,8.934534849527427,39.50218642360397,1.4031130341834948,2.0178826053484014,33.791650954798776,-0.3121608155636795,9.099632061222392,39.858162048007976,0.19075900314097485,0.42106168908342645,40.36536848727133
2.175518783068901,8.981221704456544,39.83081242518861,1.433201779841192,2.0179676084461815,34.253364986372304,-0.31041073573992195,9.093224570901864,39.949883299054015,0.19210394266095657,0.431676355438966,40.36873291705832
2.1647517211109712,9.031643073235125,40.144584072749474,1.456620919024801,2.021674318116136,34.72211393344661,-0.3057990265042423,9.077056200218543,40.04775091183207,0.1850319683298833,0.44137217811873286,40.3645604260997
2.15513653493137,9.079040872259778,40.455412574296396,1.4764045820246814,2.006852494502595,35.20817781096155,-0.30251443097692654,9.054036061000527,40.14460987489533,0.18223207408655565,0.4336612554504873,40.36352518922729
2.1476921099934514,9.119692429672345,40.76619235647065,1.492571227408274,1.9596872084136745,35.697444619770984,-0.3112232034889215,9.032758372204508,40.23236645702118,0.1831457780503019,0.42991198301522227,40.367827745219714
2.1298325370072155,9.174073719361367,41.070284339042665,1.5121686503589142,1.9291573384249863,36.19481079144887,-0.32509699042107854,9.011981294766285,40.321342355414735,0.1769574867620704,0.4332152836168519,40.370030393070124
2.111862761332299,9.230531939327498,41.36595500593792,1.5344309516607393,1.8976412032812455,36.71357432839115,-0.32989820346985677,8.990239039945418,40.407808382950975,0.17407918194306166,0.43305800229006897,40.37665079111118
2.0939633790943217,9.27026081926001,41.66461550310839,1.5552161788211354,1.8390698036435593,37.25068476939137,-0.3367269837389093,8.976981035670514,40.496621384901935,0.17493300384695223,0.43989820043422545,40.390648615104105
2.0702302665309062,9.294839186858322,41.94480734528426,1.5759248475914884,1.7759485865576496,37.77087752771298,-0.34644880270932377,8.95282107473949,40.59249350472455,0.1708057417839083,0.44315917350283696,40.395112523324336
2.04618887345224,9.338585032741499,42.21276428238819,1.5925135854607166,1.7281750231173452,38.294203174305,-0.34585909434628226,8.917943661264413,40.689839663093075,0.16338472003428145,0.4366207562078419,40.39226616098206
2.0225276019175134,9.39832322433006,42.49475169932409,1.613830074245823,1.665482433053219,38.87742828158901,-0.34518005836412957,8.901314243798108,40.78167291030826,0.16445535486496798,0.44063432233142674,40.4077203719259
2.000811883809498,9.390966459231127,42.73148739041434,1.62953929620025,1.5864502704300416,39.383159880611665,-0.35413664275311274,8.877298661972876,40.86672687285494,0.16484651045497753,0.4416623776006544,40.41768488799555
1.9777594538408947,9.41146572720021,42.98396679536092,1.6478082294688847,1.5241752176887302,39.9380678168863,-0.36535208591835056,8.846419291288036,40.94540153535934,0.1571795095967383,0.44621129864399445,40.400718566065436
1.952962688521109,9.426754298416473,43.21933227452822,1.6768832774825055,1.4567507232530132,40.47757319602202,-0.3730482548817362,8.811937092491608,41.00645991676594,0.16139658995971629,0.43320413111490375,40.391481023543605
1.9345401925361132,9.425823659584932,43.44634350628026,1.7054441069336845,1.3788447894972609,41.02892130408377,-0.3750043148543625,8.78670927979055,41.06551929642541,0.16739553764523585,0.4189748868283114,40.39729206539136
1.9128430447205942,9.435853491824012,43.68731938247317,1.7294022860047833,1.3212872885718052,41.61902426978138,-0.3851131431524788,8.782665922658037,41.13982895660682,0.16410114311599988,0.43600565515129386,40.403678683209414
1.8878791073606385,9.448048045278366,43.89288199393415,1.7569444848562223,1.262209228817628,42.15952466005004,-0.39011535821684085,8.76532312598092,41.2137165277258,0.1617691636699986,0.4395134626967665,40.41538108876786
1.869788506946454,9.46380269688407,44.07207534956735,1.7969467789350446,1.2305792321968612,42.70544570512287,-0.3903992434400112,8.73690460864444,41.28561480093049,0.16160615927797248,0.4290534188736236,40.42612484085872
1.8527997656500816,9.474921912719552,44.26648290243566,1.841756100159689,1.2100067190092059,43.30538323473737,-0.3990565196348401,8.715997282030594,41.36178374358455,0.15950271399920932,0.4293195634182959,40.43601318603697
1.837523613650229,9.47637706421415,44.43673871460947,1.8634581985423353,1.156957759433181,43.85083433984926,-0.40232164589827923,8.687883215715468,41.42979417986987,0.15386859578675455,0.4281145959287729,40.434535999669144
1.8235474424277334,9.469613375765524,44.590718633768425,1.8730894096840975,1.0916021063796575,44.369597792425466,-0.4018228663157759,8.665322154875033,41.47979634413926,0.1510757088585037,0.42383947345333095,40.4278199741759
1.8004942761087435,9.442284385044378,44.75667272257028,1.892790546151824,1.0432765136750923,44.92808581817783,-0.4065802005380146,8.65842131892813,41.524137737135604,0.15231768898324172,0.42673877655624737,40.42858975158328
1.7764838183408203,9.401841981894734,44.91105518225197,1.9179193014306737,1.0312923410981782,45.4739786922422,-0.4138713068519735,8.646523957456314,41.576414282988324,0.1494382458844602,0.42960152839970656,40.42802528252475
1.7606722782742934,9.37922641583354,45.03815110445835,1.9359383284498815,1.0477587558351336,46.00316983563234,-0.4213494684984893,8.63026271791983,41.64143485119373,0.14210257262106105,0.44021298082949134,40.427027873557165
1.749679168010521,9.353749626704541,45.161904859294175,1.940613584286236,1.0464404404569665,46.571885627828784,-0.4153459552714125,8.596022345920812,41.71798187237476,0.13916198256384932,0.43214422797483043,40.43302317408046
1.7415247510461804,9.315115706744862,45.30901923637645,1.9325343816830647,1.0400535288446437,47.15835272827276,-0.409005767620485,8.556052312304956,41.792533510451186,0.14157329327625967,0.41257082153448454,40.443870677167155
1.7380237997698373,9.262903549939988,45.43480753124252,1.9315619724755893,1.068304613600285,47.69903147307527,-0.415503671969647,8.53198393859202,41.87258601307932,0.1414137178991992,0.41268187912045273,40.45631109169629
1.7388744986627,9.237039561746856,45.49886304547176,1.9264275044461898,1.2159880802856435,48.0542424037369,-0.4333596052865476,8.569865902767638,41.93265964729914,0.1348988200559849,0.4619195976837158,40.47288893758695
1.7339969843294534,9.189334756106053,45.62924404402824,1.9179138000671654,1.2833254277806907,48.520073385627214,-0.44156610694768517,8.545974376346265,41.97429575745905,0.13780646315235612,0.4447665659024995,40.473472871146214
1.7287845465406182,9.163087745170706,45.78808832048184,1.901931288240333,1.3833337918772344,48.963847627189395,-0.4528831170837444,8.534780886961446,42.01189651404449,0.13426783790130942,0.4423802473272429,40.46842819711847
1.721245882824707,9.115859887565797,45.93412587871293,1.8766984974110177,1.4616750245612604,49.40692798931293,-0.46781607736871,8.534854718042219,42.08338053444393,0.1261986760590364,0.4507792413185452,40.47823450173105
1.703551233422112,9.056615986151664,46.086220694074235,1.8484996166097993,1.5343741088302012,49.84998942526387,-0.4868525365770604,8.539243541886071,42.16074485878921,0.12409154339038252,0.4592192343617967,40.49708565229958
1.7423499318262758,9.025154685753687,46.18406914848459,1.820199090081526,1.6285878485489187,50.20939764418537,-0.48401662670419265,8.521846406815019,42.23453002298012,0.1312522751588222,0.47321459764881646,40.48424113785747
1.7741066148133502,8.995661632901804,46.29603045399417,1.8110288090181275,1.714105880275969,50.523958928543514,-0.4777287624629676,8.502426514268478,42.33109986428735,0.14059301060370866,0.479569072878663,40.49454779932883
1.7977155426701694,8.940602697830784,46.41066590950673,1.7832195546670526,1.7550798454922025,50.783117052262526,-0.4761369903532182,8.481897546557029,42.4443101051796,0.133514388041693,0.48741342335590865,40.494303661822784
1.8140888268135715,8.873713864706323,46.523774989143725,1.7790670827712165,1.737083850693256,51.007692014621334,-0.48149331895431857,8.469523005514075,42.554096901905446,0.12063185432553548,0.511934612544896,40.47538766609822
1.8322344820476064,8.852138208548716,46.66814011798445,1.7844628182310582,1.6953865066584957,51.186711547081316,-0.4748857507664521,8.447049657905012,42.67116519722958,0.11668010278140337,0.5185974443316166,40.486386248486475
1.8545283849852652,8.877469818453909,46.8610355516287,1.796512300144047,1.653087981621354,51.313630251821436,-0.4578465858000632,8.426575474696165,42.81595087793457,0.11905136807201533,0.5316561194390388,40.51690204299918
1.856738993486718,8.890181109545633,47.0981075062744,1.8163945394606729,1.5988151750555724,51.41584725519593,-0.4520335398205656,8.418215195598115,42.97255008381505,0.11317856571168797,0.5673227520999466,40.51829979260755
1.8510302011793636,8.898292759416456,47.354389054327406,1.8271856722349467,1.5183738580671804,51.502574955222464,-0.447805820827212,8.406595816865492,43.13108685091294,0.11037029419422303,0.597061300422228,40.50775455945601
1.8212323178888168,8.882258806967002,47.598340247537685,1.8542127354466356,1.4250500899135594,51.60785221883447,-0.43897257561457204,8.407141504882153,43.273097002087376,0.12872302683375575,0.6048212842533518,40.528305038830716
1.810729829568752,8.874405716504949,47.820328077432485,1.8573558887556831,1.336389844427619,51.67488066133775,-0.4279873730253686,8.398524128843484,43.4301902480262,0.12744773043983448,0.6230259002824619,40.55138595254095
1.8216566209263312,8.880504359623338,48.033650813303346,1.8281130454251846,1.2513885339364643,51.7098150721848,-0.4156439070171146,8.38013742747886,43.60556592585334,0.11395261440470161,0.6526176516523907,40.562992042809555
1.8268705051809788,8.885758200216927,48.24308356454264,1.7821023437200858,1.1567713195999842,51.755293316312105,-0.4145348498683391,8.379793095015831,43.802229838522855,0.11462873354244757,0.6880513834067197,40.60347675888656
1.8308002374044834,8.901675632741142,48.46209848149632,1.741649499303265,1.0680754685672595,51.83357806937369,-0.4145525899941651,8.399822462806373,44.014271202149516,0.12634595820142783,0.7252047212242048,40.676314913714
1.8444979994216717,8.933791693751726,48.68395404037188,1.6952311367680475,1.0015806177050817,51.94396147412784,-0.4057851544023271,8.415652841258446,44.22020581098571,0.13768914641979138,0.7581496121132842,40.73005065089971
1.864325666562103,8.935329562978325,48.8611995432399,1.6609793426898418,0.9412859725288897,51.992560258937196,-0.396989368017287,8.420608912041999,44.43359602289457,0.14773758196943382,0.7855233705775648,40.76263226444703
1.8934764244038107,8.961588533109222,49.03953911071779,1.6096827985113753,0.9165208712365283,52.065129124533705,-0.3886290657701549,8.427360103650672,44.68180128232008,0.14990811751542235,0.8291132708053903,40.79881717673762
1.92658234358686,8.991270949885838,49.216955443324984,1.578045584664135,0.8747177864862821,52.13299640720231,-0.3747937938240028,8.417538319905596,44.95556590794425,0.15644494452927285,0.8605636811443997,40.84917975400359
1.9415746037194228,8.989616203912597,49.352840945419594,1.5771222183274565,0.8022745179646111,52.185536200005345,-0.3619097757536752,8.406885495525835,45.23980418321311,0.17089358702770396,0.860740737008753,40.92206342130936
1.9792282980203206,8.992616903396637,49.52071729320981,1.5708047195935622,0.7519495270885739,52.19977987367207,-0.3655300820758479,8.391053087854445,45.558850066491814,0.1552633236740577,0.9037710018585234,40.97739406543706
2.029738552727349,9.016288857369407,49.69226193887587,1.557697698927797,0.7358920628358934,52.21032162317694,-0.3661894011062159,8.359561149823186,45.88441110066693,0.12648469227814074,0.9308831933157045,41.04047718787081
2.0118750115121884,9.00173868478564,49.90946131485863,1.5693871722391313,0.6845926731053273,52.28026116947143,-0.37682035674470515,8.377766378284678,46.21542956737858,0.12033783396953798,0.9482038077487411,41.16076775459646
2.0544345526850356,9.008975425622776,50.051594584070706,1.566529307152684,0.6618854878627967,52.25362387805139,-0.38087784528801905,8.361594646018753,46.52937545752393,0.11101365042167147,0.9919220428849744,41.21291929170082
2.0513695377865178,8.99831246630847,50.25267317354912,1.5517448344574505,0.6294062940371994,52.2557334005828,-0.3881471097501138,8.380718500863631,46.88965442668159,0.10139598178682255,1.07641063480439,41.3261473143687
2.0507660224031645,9.0044633672315,50.393409687357305,1.5166613334206285,0.620007406269881,52.2676833352803,-0.3793614143507795,8.394010226769261,47.249044785518635,0.07620703216554037,1.13920572796804,41.46875411658638
2.036100178797141,8.993339700396792,50.509555975519014,1.4858896834782374,0.5816825540699749,52.30592648870462,-0.3735393105046072,8.409526906346148,47.60251670125896,0.04329855702481161,1.2027499293320774,41.631597241919636
2.068704434759753,9.013187550855113,50.61515056342416,1.4591527119352565,0.5814842991718815,52.26564988054309,-0.3697631123907379,8.393368743140623,47.96976437275629,-0.004678965328391238,1.3320638152817077,41.7633033966303
2.0600692395107782,9.018086567601866,50.74087439047073,1.4413712869042339,0.5885956362974863,52.29351841172383,-0.36108805369850894,8.410983484868517,48.35496601396726,-0.018847527568716438,1.4580779936028123,41.987602615541505
2.0546475381653964,9.007656220164861,50.82760355053036,1.4134335548476513,0.5746930471094668,52.288502696628576,-0.3467454833673077,8.4263199738387,48.71267037371814,-0.01357179865060587,1.5775306611553908,42.212723876762546
2.055224158148677,9.01288872019349,50.91931737459192,1.3938685150407109,0.5660996261464883,52.255434749731975,-0.3273020253128513,8.433793503146447,49.07082330524288,0.00648628510825755,1.6863016617227493,42.458790936019945
2.0489623441577063,9.019372993890844,51.03129376575858,1.3809687431038964,0.57511234804485,52.257159223675586,-0.3160206457515505,8.447669207626111,49.43313379822932,0.01874008585663156,1.7789962448881949,42.75660631038753
2.0330567328132334,8.993508817302011,51.14972903319221,1.3716554840148818,0.5623692625321411,52.29093442884607,-0.32058529060466845,8.48445028404345,49.785979658184566,0.012430948250402807,1.8690348867272912,43.119566790690634
2.021073738348318,8.978517774532463,51.26412270499498,1.3678304309944638,0.5621598844443649,52.326644572043904,-0.32075619376597636,8.526694703260912,50.13764238859281,-0.02598452370310822,1.9466704690093493,43.646421944454524
2.029098947869252,8.991949377345712,51.36045944350617,1.365815419163186,0.5717593747954232,52.331871593693606,-0.3165779594339448,8.555584239433585,50.48442582209747,-0.1380084584031792,1.9930987820105082,44.09791660281842
2.0241570920710013,8.983125584669146,51.467003327371366,1.3658894394362115,0.559891804831402,52.33686950451092,-0.3220749345091219,8.599093086777582,50.8312696125193,-0.1651763213922241,2.0491487451292865,44.512730753670304
2.0161283403939065,8.966159311315305,51.5641476843433,1.3672428807900519,0.5535264868313143,52.34951605824984,-0.32864940925869285,8.643986381019195,51.17298856327096,-0.1599145686533785,2.0820109430367344,44.94087339372619
2.003691332159879,8.953376302078397,51.667774049043295,1.3745022091090806,0.5537630832704344,52.37782677462318,-0.3308412400482159,8.696544815441303,51.51723603246274,-0.14872900291184887,2.083625488640098,45.40183901062206
2.0251962548066977,8.948989886527386,51.76488526445515,1.3706854017500638,0.57515345546696,52.361259168812154,-0.35461769097892104,8.7264480264604,51.84648051160957,-0.1921873669573145,2.107620248437534,45.8358286618884
2.0227880910167064,8.92272674636409,51.85049139476757,1.3788364803777067,0.5529738008373,52.379322253867784,-0.3586177971372447,8.795017423473935,52.180046073334225,-0.23103771248096597,2.0974713894814645,46.33679336063509
2.024839798904953,8.908934673609172,51.9363863974095,1.3840823487015035,0.5540224424556143,52.37687982673434,-0.3618046449183766,8.857703561289796,52.51386694085586,-0.26140096416797953,2.083738593113838,46.82895178077885
2.038678127841259,8.884079980228105,51.985386584949055,1.3850313698989147,0.5525701753934463,52.344737253780615,-0.3743512096984281,8.894634272207917,52.84809338181197,-0.2772687196842025,2.056836870610237,47.31430953256583
